fixed_acidity,volatile_acidity,citric_acid,residual_sugar,chlorides,free_sulfur_dioxide,total_sulfur_dioxide,density,pH,sulphates,alcohol,quality,style
7.7,0.56,0.08,2.5,0.114,14,46,0.9971,3.24,0.66,9.6,6,red
6.1,0.34,0.29,2.2,0.036,25,100,0.98938,3.06,0.44,11.8,6,white
9.3,0.655,0.26,2,0.096,5,35,0.99738,3.25,0.42,9.6,5,red
6.9,0.25,0.34,1.3,0.035,27,82,0.99045,3.18,0.44,12.2,6,white
6.2,0.25,0.25,1.4,0.03,35,105,0.9912,3.3,0.44,11.1,7,white
6.1,0.28,0.27,4.7,0.03,56,140,0.99042,3.16,0.42,12.5,8,white
5.3,0.16,0.39,1,0.028,40,101,0.99156,3.57,0.59,10.6,6,white
7.8,0.43,0.49,13,0.033,37,158,0.9955,3.14,0.35,11.3,6,white
7.5,0.18,0.37,6.2,0.05,21,138,0.99546,3.2,0.55,10.5,6,white
7.4,0.52,0.13,2.4,0.078,34,61,0.99528,3.43,0.59,10.8,6,red
6.9,0.28,0.33,1.2,0.039,16,98,0.9904,3.07,0.39,11.7,6,white
5.6,0.5,0.09,2.3,0.049,17,99,0.9937,3.63,0.63,13,5,red
6.8,0.21,0.27,18.15,0.042,41,146,1.0001,3.3,0.36,8.7,5,white
6.6,0.38,0.29,2.9,0.035,15,101,0.98916,3.04,0.37,12.5,6,white
6.2,0.3,0.21,1.1,0.032,31,111,0.9889,2.97,0.42,12.2,6,white
6.6,0.2,0.38,7.9,0.052,30,145,0.9947,3.32,0.56,11,7,white
8.3,0.615,0.22,2.6,0.087,6,19,0.9982,3.26,0.61,9.3,5,red
8.2,0.42,0.29,4.1,0.03,31,100,0.9911,3,0.32,12.8,7,white
6.8,0.26,0.22,7.7,0.047,57,210,0.9959,3.1,0.47,9,5,white
6,0.16,0.27,12,0.03,39,98,0.99402,3.15,0.34,10.8,5,white
6,0.33,0.2,1.8,0.031,49,159,0.9919,3.41,0.53,11,6,white
6.6,0.21,0.5,8.7,0.036,41,191,0.99294,2.96,0.56,11,6,white
8.3,0.26,0.42,2,0.08,11,27,0.9974,3.21,0.8,9.4,6,red
5.8,0.28,0.18,1.2,0.058,7,108,0.99288,3.23,0.58,9.55,4,white
7.5,0.29,0.67,8.1,0.037,53,166,0.9966,2.9,0.41,8.9,6,white
5.2,0.185,0.22,1,0.03,47,123,0.99218,3.55,0.44,10.15,6,white
6.7,0.21,0.48,14.8,0.05,31,195,0.99942,2.95,0.75,8.8,6,white
9.8,0.66,0.39,3.2,0.083,21,59,0.9989,3.37,0.71,11.5,7,red
6.8,0.51,0.3,4.2,0.066,38,165,0.9945,3.2,0.42,9.1,5,white
6.4,0.32,0.26,7.9,0.05,53,180,0.99514,3.14,0.5,9.6,5,white
6,0.2,0.26,6.8,0.049,22,93,0.9928,3.15,0.42,11,6,white
6.7,0.26,0.51,8,0.062,50,194,0.99545,3.13,0.5,9.6,5,white
7.2,0.24,0.29,3,0.036,17,117,0.99411,3.36,0.68,10.1,6,white
9.1,0.21,0.37,1.6,0.067,6,10,0.99552,3.23,0.58,11.1,7,red
7.2,0.35,0.26,1.8,0.083,33,75,0.9968,3.4,0.58,9.5,6,red
5.9,0.15,0.31,5.8,0.041,53,155,0.9945,3.52,0.46,10.5,6,white
7.5,0.28,0.33,7.7,0.048,42,180,0.9974,3.37,0.59,10.1,6,white
7.8,0.34,0.35,1.8,0.042,8,167,0.9908,3.11,0.41,12.1,6,white
6.5,0.36,0.49,2.9,0.03,16,94,0.9902,3.1,0.49,12.1,7,white
6.4,0.35,0.28,1.1,0.055,9,160,0.99405,3.42,0.5,9.1,7,white
7.1,0.21,0.35,2.5,0.04,41,186,0.99128,3.32,0.56,12.5,6,white
6.4,0.3,0.45,3.5,0.197,76,180,0.9942,3.02,0.39,9.1,6,white
6.8,0.15,0.41,12.9,0.044,79.5,183,0.99742,3.24,0.78,10.2,6,white
6.1,0.28,0.27,8,0.048,41,162,0.99498,3.21,0.51,9.9,5,white
6.5,0.33,0.28,6.1,0.018,41,103,0.99122,3.24,0.32,12.2,6,white
6.5,0.24,0.19,1.2,0.041,30,111,0.99254,2.99,0.46,9.4,6,white
5.8,0.3,0.42,1.1,0.036,19,113,0.98871,3.1,0.46,12.6,7,white
7.6,0.2,0.26,4.5,0.086,37,133,0.9963,3.15,0.42,9.2,5,white
6.7,0.24,0.32,9,0.023,20,109,0.99262,3.34,0.35,12.6,6,white
6.9,0.18,0.3,2,0.038,39,190,0.9914,3.32,0.37,12.2,6,white
6.5,0.25,0.32,9.9,0.045,41,128,0.99636,3.18,0.52,9.6,6,white
8.9,0.26,0.33,8.1,0.024,47,202,0.99558,3.13,0.46,10.8,6,white
7.8,0.3,0.74,1.8,0.033,33,156,0.991,3.29,0.52,12.8,6,white
10.7,0.4,0.37,1.9,0.081,17,29,0.99674,3.12,0.65,11.2,6,red
7.1,0.18,0.74,15.6,0.044,44,176,0.9996,3.38,0.67,9,6,white
7.6,0.18,0.49,18.05,0.046,36,158,0.9996,3.06,0.41,9.2,5,white
5.9,0.23,0.3,12.9,0.054,57,170,0.9972,3.28,0.39,9.4,5,white
6.6,0.23,0.2,11.4,0.044,45,131,0.99604,2.96,0.51,9.7,6,white
7.1,0.29,0.49,1.2,0.031,32,99,0.9893,3.07,0.33,12.2,6,white
7.5,0.27,0.79,11.95,0.04,51,159,0.99839,2.98,0.44,8.7,5,white
9,0.55,0.3,8.1,0.026,14,71,0.993,2.94,0.36,11.8,5,white
6.1,0.17,0.27,1.5,0.056,45,135,0.9924,3.2,0.43,10.2,6,white
6,0.14,0.37,1.2,0.032,63,148,0.99185,3.32,0.44,11.2,5,white
5.3,0.31,0.38,10.5,0.031,53,140,0.99321,3.34,0.46,11.7,6,white
6.5,0.23,0.45,2.1,0.027,43,104,0.99054,3.02,0.52,11.3,6,white
6.4,0.26,0.35,7.7,0.056,45,191,0.99527,3.16,0.5,9.5,5,white
7.1,0.18,0.26,1.3,0.041,20,71,0.9926,3.04,0.74,9.9,6,white
6.9,0.16,0.3,9.6,0.057,50,185,0.9978,3.39,0.38,9.6,6,white
5.8,0.2,0.24,1.4,0.033,65,169,0.99043,3.59,0.56,12.3,7,white
6.6,0.18,0.28,1.7,0.041,53,161,0.99207,3.13,0.45,10.2,6,white
6.9,0.19,0.32,7.9,0.042,30,130,0.99456,3.4,0.39,10.5,6,white
7.2,0.6,0.04,2.5,0.076,18,88,0.99745,3.53,0.55,9.5,5,red
6.5,0.3,0.39,7.8,0.038,61,219,0.9959,3.19,0.5,9.4,5,white
6.6,0.27,0.25,3.1,0.052,41,188,0.9915,3.24,0.4,11.3,5,white
7.4,0.25,0.29,2.2,0.054,19,49,0.99666,3.4,0.76,10.9,7,red
6.5,0.46,0.41,16.8,0.084,59,222,0.9993,3.18,0.58,9,5,white
8.3,0.26,0.31,2,0.029,14,141,0.99077,2.95,0.77,12.2,6,white
7.1,0.14,0.35,1.4,0.039,24,128,0.99212,2.97,0.68,10.4,5,white
7.5,0.23,0.32,9.2,0.038,54,191,0.9966,3.04,0.56,9.7,6,white
7.8,0.31,0.4,1.6,0.027,20,87,0.9911,3.15,0.48,11.9,6,white
7,0.36,0.35,2.5,0.048,67,161,0.99146,3.05,0.56,11.1,6,white
7.4,0.3,0.3,5.2,0.053,45,163,0.9941,3.12,0.45,10.3,6,white
8.7,0.49,0.57,17.8,0.052,34,243,1.0007,2.98,0.82,9,5,white
6.1,0.25,0.28,10,0.055,56,131,0.994,3.22,0.35,10.9,6,white
6.8,0.32,0.28,4.8,0.034,25,100,0.99026,3.08,0.47,12.4,7,white
7.2,0.29,0.4,7.6,0.024,56,177,0.9928,3.04,0.32,11.5,6,white
7.8,0.52,0.25,1.9,0.081,14,38,0.9984,3.43,0.65,9,6,red
7.5,0.24,0.31,13.1,0.05,26,180,0.99884,3.05,0.53,9.1,6,white
5.7,0.22,0.22,16.65,0.044,39,110,0.99855,3.24,0.48,9,6,white
7.1,0.36,0.28,2.4,0.036,35,115,0.98936,3.19,0.44,13.5,7,white
7.3,0.22,0.37,14.3,0.063,48,191,0.9978,2.89,0.38,9,6,white
5.9,0.25,0.27,1.5,0.029,37,81,0.9892,3.2,0.46,12.2,6,white
7.1,0.17,0.4,14.55,0.047,47,156,0.99945,3.34,0.78,9.1,6,white
7.2,0.4,0.24,8.5,0.055,45,151,0.99626,3.2,0.52,9.2,5,white
6.7,0.86,0.07,2,0.1,20,57,0.99598,3.6,0.74,11.7,6,red
11,0.3,0.58,2.1,0.054,7,19,0.998,3.31,0.88,10.5,7,red
7.7,0.39,0.28,4.9,0.035,36,109,0.9918,3.19,0.58,12.2,7,white
7.8,0.46,0.26,1.9,0.088,23,53,0.9981,3.43,0.74,9.2,6,red
6.6,0.295,0.24,1.6,0.039,29,140,0.99304,3.35,0.61,10.4,7,white
7.1,0.23,0.39,13.7,0.058,26,172,0.99755,2.9,0.46,9,6,white
5.8,0.18,0.37,1.2,0.036,19,74,0.98853,3.09,0.49,12.7,7,white
7.9,0.17,0.32,1.6,0.053,47,150,0.9948,3.29,0.76,9.6,6,white
6.8,0.35,0.32,2.4,0.048,35,103,0.9911,3.28,0.46,12,8,white
5.7,0.43,0.3,5.7,0.039,24,98,0.992,3.54,0.61,12.3,7,white
6.8,0.11,0.27,8.6,0.044,45,104,0.99454,3.2,0.37,9.9,6,white
7.4,0.19,0.3,12.8,0.053,48.5,229,0.9986,3.14,0.49,9.1,7,white
6.6,0.26,0.29,1.4,0.039,13,67,0.9915,3.05,0.49,10.9,6,white
7.4,0.37,0.26,9.6,0.05,33,134,0.99608,3.13,0.46,10.4,5,white
5.9,0.21,0.28,4.6,0.053,40,199,0.9964,3.72,0.7,10,4,white
6,0.26,0.26,2.2,0.035,10,72,0.989465,3.11,0.48,12.15,6,white
6,0.36,0.32,1.1,0.053,26,173,0.99414,3.38,0.54,8.8,5,white
7.4,0.19,0.3,12.8,0.053,48.5,229,0.9986,3.14,0.49,9.1,7,white
6.5,0.19,0.3,0.8,0.043,33,144,0.9936,3.42,0.39,9.1,6,white
7.9,0.35,0.21,1.9,0.073,46,102,0.9964,3.27,0.58,9.5,5,red
10.1,0.65,0.37,5.1,0.11,11,65,1.0026,3.32,0.64,10.4,6,red
6,0.24,0.41,1.3,0.036,42,118,0.99018,3.04,0.64,11.73333333,6,white
9.2,0.28,0.49,11.8,0.042,29,137,0.998,3.1,0.34,10.1,4,white
7.1,0.16,0.44,2.5,0.068,17,31,0.99328,3.35,0.54,12.4,6,red
8.8,0.61,0.14,2.4,0.067,10,42,0.9969,3.19,0.59,9.5,5,red
7,0.25,0.45,2.3,0.045,40,118,0.99064,3.16,0.48,11.9,7,white
6.2,0.37,0.3,6.6,0.346,79,200,0.9954,3.29,0.58,9.6,5,white
7.6,0.16,0.41,1.9,0.047,27,151,0.9937,3.2,0.53,10.1,6,white
7.3,0.22,0.37,14.3,0.063,48,191,0.9978,2.89,0.38,9,6,white
6.7,0.16,0.34,1.6,0.026,27,109,0.9934,3.34,0.58,10.1,6,white
6.3,0.34,0.33,4.6,0.034,19,80,0.9917,3.38,0.58,12,7,white
7.6,0.31,0.23,12.7,0.054,20,139,0.99836,3.16,0.5,9.7,4,white
6.1,0.32,0.25,1.7,0.034,37,136,0.992,3.47,0.5,10.8,7,white
9.4,0.16,0.23,1.6,0.042,14,67,0.9942,3.07,0.32,9.5,5,white
6.7,0.42,0.39,12.1,0.04,61,248,0.99794,3.31,0.58,9.7,5,white
7.7,0.27,0.35,5.3,0.03,30,117,0.992,3.11,0.42,12.2,6,white
7.7,0.57,0.21,1.5,0.069,4,9,0.99458,3.16,0.54,9.8,6,red
5.6,0.41,0.24,1.9,0.034,10,53,0.98815,3.32,0.5,13.5,7,white
8.6,0.49,0.28,1.9,0.11,20,136,0.9972,2.93,1.95,9.9,6,red
6,0.33,0.2,1.8,0.031,49,159,0.9919,3.41,0.53,11,6,white
6.8,0.15,0.41,12.9,0.044,79.5,183,0.99742,3.24,0.78,10.2,6,white
7.5,0.42,0.19,6.9,0.041,62,150,0.99508,3.23,0.37,10,6,white
8.1,0.12,0.49,1.2,0.042,43,160,0.9934,3.13,0.48,9.7,6,white
6.8,0.64,0,2.7,0.123,15,33,0.99538,3.44,0.63,11.3,6,red
5.9,0.26,0.29,5.4,0.046,34,116,0.99224,3.24,0.41,11.4,6,white
5.8,0.275,0.3,5.4,0.043,41,149,0.9926,3.33,0.42,10.8,7,white
5.7,0.335,0.34,1,0.04,13,174,0.992,3.27,0.66,10,5,white
6.5,0.31,0.61,13,0.053,31,123,0.99708,3.09,0.5,9.3,6,white
9.2,0.63,0.21,2.7,0.097,29,65,0.9988,3.28,0.58,9.6,5,red
7.2,0.24,0.29,2.2,0.037,37,102,0.992,3.27,0.64,11,7,white
7.6,0.3,0.4,2.2,0.054,29,175,0.99445,3.19,0.53,9.8,5,white
7.4,0.19,0.49,9.3,0.03,26,132,0.994,2.99,0.32,11,7,white
6.9,0.28,0.37,9.1,0.037,16,76,0.9948,3.05,0.54,11.1,5,white
7.3,0.22,0.37,14.3,0.063,48,191,0.9978,2.89,0.38,9,6,white
8.8,0.33,0.36,2.1,0.034,19,125,0.99166,2.96,0.98,12.7,6,white
8.5,0.34,0.4,4.7,0.055,3,9,0.99738,3.38,0.66,11.6,7,red
12.5,0.37,0.55,2.6,0.083,25,68,0.9995,3.15,0.82,10.4,6,red
7.2,0.31,0.5,13.3,0.056,68,195,0.9982,3.01,0.47,9.2,5,white
7.2,0.21,0.36,15.7,0.045,68,183,0.99922,3.25,0.76,9.4,5,white
6.7,0.31,0.44,6.7,0.054,29,160,0.9952,3.04,0.44,9.6,5,white
6.9,0.28,0.41,1.7,0.05,10,136,0.993,3.16,0.71,11.4,6,white
8.9,0.27,0.28,0.8,0.024,29,128,0.98984,3.01,0.35,12.4,6,white
6,0.37,0.32,1,0.053,31,218.5,0.9924,3.29,0.72,9.8,6,white
6.4,0.18,0.32,9.6,0.052,24,90,0.9963,3.35,0.49,9.4,6,white
8.4,0.62,0.12,1.8,0.072,38,46,0.99504,3.38,0.89,11.8,6,red
6.1,0.16,0.34,6.1,0.034,31,114,0.99365,3.32,0.58,10.13333333,7,white
8.1,0.26,0.27,4.3,0.03,43,123,0.99212,3.16,0.33,11.2,6,white
6.6,0.24,0.27,1.4,0.057,33,152,0.9934,3.22,0.56,9.5,6,white
7.7,0.28,0.33,6.7,0.037,32,155,0.9951,3.39,0.62,10.7,7,white
6.4,0.29,0.21,9.65,0.041,36,119,0.99334,2.99,0.34,10.93333333,6,white
7.6,0.2,0.31,1.4,0.047,41,142,0.9934,3.43,0.53,10.1,6,white
5.5,0.35,0.35,1.1,0.045,14,167,0.992,3.34,0.68,9.9,6,white
7.1,0.26,0.29,12.4,0.044,62,240,0.9969,3.04,0.42,9.2,6,white
7.1,0.21,0.37,2.4,0.026,23,100,0.9903,3.15,0.38,11.4,7,white
5.1,0.11,0.32,1.6,0.028,12,90,0.99008,3.57,0.52,12.2,6,white
9,0.29,0.34,12.1,0.03,34,177,0.99706,3.13,0.47,10.6,5,white
7,0.25,0.33,2.1,0.021,17,76,0.99021,3.26,0.45,12.3,6,white
6.6,0.21,0.39,2.3,0.041,31,102,0.99221,3.22,0.58,10.9,7,white
5.7,0.36,0.21,6.7,0.038,51,166,0.9941,3.29,0.63,10,6,white
6.8,0.24,0.33,3.2,0.049,68,161,0.99324,3.1,0.69,10.2,6,white
9.1,0.3,0.41,2,0.068,10,24,0.99523,3.27,0.85,11.7,7,red
6,0.17,0.29,9.7,0.044,33,98,0.99536,3.12,0.36,9.2,6,white
5.6,0.41,0.22,7.1,0.05,44,154,0.9931,3.3,0.4,10.5,5,white
7,0.44,0.24,12.1,0.056,68,210,0.99718,3.05,0.5,9.5,5,white
7.6,0.26,0.32,1.3,0.048,23,76,0.9903,2.96,0.46,12,6,white
8,0.32,0.36,4.6,0.042,56,178,0.9928,3.29,0.47,12,6,white
6.9,0.3,0.21,15.7,0.056,49,159,0.99827,3.11,0.48,9,5,white
7.6,0.2,0.36,1.9,0.043,24,111,0.99237,3.29,0.54,11.3,6,white
6.5,0.88,0.03,5.6,0.079,23,47,0.99572,3.58,0.5,11.2,4,red
6.3,0.26,0.49,1.5,0.052,34,134,0.9924,2.99,0.61,9.8,6,white
7,0.28,0.33,14.6,0.043,47,168,0.9994,3.34,0.67,8.8,6,white
6.8,0.32,0.18,7.5,0.041,71,223,0.9959,3.14,0.41,8.9,5,white
9.9,0.5,0.24,2.3,0.103,6,14,0.9978,3.34,0.52,10,4,red
9.9,0.57,0.25,2,0.104,12,89,0.9963,3.04,0.9,10.1,5,red
7.1,0.27,0.27,10.4,0.041,26,114,0.99335,3.04,0.52,11.5,7,white
6.8,0.26,0.24,7.8,0.052,54,214,0.9961,3.13,0.47,8.9,5,white
8.9,0.24,0.33,15.75,0.035,16,132,0.996,3,0.37,12.1,6,white
9.3,0.43,0.44,1.9,0.085,9,22,0.99708,3.28,0.55,9.5,5,red
6.5,0.28,0.28,8.5,0.047,54,210,0.9962,3.09,0.54,8.9,4,white
5.6,0.18,0.31,1.5,0.038,16,84,0.9924,3.34,0.58,10.1,6,white
6.8,0.33,0.3,2.1,0.047,35,147,0.9886,3.24,0.56,13.4,6,white
6.1,0.17,0.28,4.5,0.033,46,150,0.9933,3.43,0.49,10.9,6,white
6.9,0.4,0.17,12.9,0.033,59,186,0.99754,3.08,0.49,9.4,5,white
6.7,0.31,0.32,14.5,0.038,6,79,0.99412,3.14,0.34,12.5,5,white
7.9,0.52,0.26,1.9,0.079,42,140,0.9964,3.23,0.54,9.5,5,red
6.7,0.44,0.22,4.3,0.032,19,99,0.99015,3.26,0.53,12.8,7,white
10,0.23,0.27,14.1,0.033,45,166,0.9988,2.72,0.43,9.7,6,white
6.6,0.56,0.16,3.1,0.045,28,92,0.994,3.12,0.35,9.1,6,white
6.9,0.4,0.22,5.95,0.081,76,303,0.99705,3.4,0.57,9.4,5,white
6.8,0.2,0.59,0.9,0.147,38,132,0.993,3.05,0.38,9.1,6,white
7.4,0.18,0.24,1.4,0.047,21,106,0.99383,3.52,0.64,10.5,7,white
6.8,0.31,0.3,8,0.028,33,122,0.99164,3.13,0.63,12.6,7,white
6.9,0.17,0.22,4.6,0.064,55,152,0.9952,3.29,0.37,9.3,6,white
7.3,0.305,0.39,1.2,0.059,7,11,0.99331,3.29,0.52,11.5,6,red
7.7,0.34,0.28,11,0.04,31,117,0.99815,3.27,0.29,9.2,6,white
10.3,0.34,0.52,2.8,0.159,15,75,0.9998,3.18,0.64,9.4,5,red
6.2,0.45,0.2,1.6,0.069,3,15,0.9958,3.41,0.56,9.2,5,red
6.2,0.22,0.49,6,0.029,31,128,0.9928,3.41,0.36,11.3,8,white
6,0.16,0.22,1.6,0.042,36,106,0.9905,3.24,0.32,11.4,6,white
7.3,0.18,0.29,1.2,0.044,12,143,0.9918,3.2,0.48,11.3,7,white
7.8,0.15,0.24,7.7,0.047,21,98,0.9951,2.94,0.31,9.6,6,white
7.7,0.17,0.52,5.9,0.017,21,84,0.9929,3.14,0.4,11.9,7,white
6.2,0.21,0.28,5.7,0.028,45,121,0.99168,3.21,1.08,12.15,7,white
11.1,0.31,0.53,2.2,0.06,3,10,0.99572,3.02,0.83,10.9,7,red
7.6,0.22,0.34,9.7,0.035,26,143,0.9965,3.08,0.49,9.8,6,white
6.4,0.33,0.31,5.5,0.048,42,173,0.9951,3.19,0.66,9.3,6,white
6.1,0.44,0.28,4.25,0.032,43,132,0.9916,3.26,0.47,11.3,7,white
7.9,0.54,0.34,2.5,0.076,8,17,0.99235,3.2,0.72,13.1,8,red
7.1,0.21,0.28,2.7,0.034,23,111,0.99405,3.35,0.64,10.2,4,white
5.7,0.28,0.28,2.2,0.019,15,65,0.9902,3.06,0.52,11.2,6,white
6.3,0.24,0.29,13.7,0.035,53,134,0.99567,3.17,0.38,10.6,6,white
7.9,0.25,0.29,5.3,0.031,33,117,0.9918,3.06,0.32,11.8,7,white
9.5,0.57,0.27,2.3,0.082,23,144,0.99782,3.27,0.55,9.4,5,red
8.2,0.18,0.31,11.8,0.039,96,249,0.9976,3.07,0.52,9.5,6,white
9.5,0.59,0.44,2.3,0.071,21,68,0.9992,3.46,0.63,9.5,5,red
6.2,0.27,0.49,1.4,0.05,20,74,0.9931,3.32,0.44,9.8,6,white
7.6,0.2,0.39,2.6,0.044,30,180,0.9941,3.46,0.44,10.8,7,white
5.9,0.3,0.29,1.1,0.036,23,56,0.9904,3.19,0.38,11.3,5,white
6.4,0.23,0.35,10.3,0.042,54,140,0.9967,3.23,0.47,9.2,5,white
5.6,0.35,0.37,1,0.038,6,72,0.9902,3.37,0.34,11.4,5,white
7.8,0.64,0.1,6,0.115,5,11,0.9984,3.37,0.69,10.1,7,red
6.8,0.24,0.31,18.3,0.046,40,142,1,3.3,0.41,8.7,5,white
6,0.5,0,1.4,0.057,15,26,0.99448,3.36,0.45,9.5,5,red
7.4,0.27,0.26,11.8,0.053,55,173,0.99699,3.11,0.6,9.8,5,white
7.2,0.39,0.63,11,0.044,55,156,0.9974,3.09,0.44,8.7,6,white
7.6,0.43,0.29,2.1,0.075,19,66,0.99718,3.4,0.64,9.5,5,red
10,0.49,0.2,11,0.071,13,50,1.0015,3.16,0.69,9.2,6,red
9.6,0.68,0.24,2.2,0.087,5,28,0.9988,3.14,0.6,10.2,5,red
5.4,0.3,0.3,1.2,0.029,25,93,0.98742,3.31,0.4,13.6,7,white
7.2,0.25,0.28,14.4,0.055,55,205,0.9986,3.12,0.38,9,7,white
7.1,0.68,0,2.3,0.087,17,26,0.99783,3.45,0.53,9.5,5,red
15.6,0.685,0.76,3.7,0.1,6,43,1.0032,2.95,0.68,11.2,7,red
6,0.25,0.28,7.7,0.053,37,132,0.99489,3.06,0.5,9.4,6,white
7.6,0.41,0.33,2.5,0.078,6,23,0.9957,3.3,0.58,11.2,5,red
7.1,0.25,0.49,3,0.03,30,96,0.9903,3.13,0.39,12.3,7,white
5.8,0.23,0.21,1.5,0.044,21,110,0.99138,3.3,0.57,11,6,white
11.5,0.18,0.51,4,0.104,4,23,0.9996,3.28,0.97,10.1,6,red
9.1,0.28,0.48,1.8,0.067,26,46,0.9967,3.32,1.04,10.6,6,red
10.2,0.33,0.46,1.9,0.081,6,9,0.99628,3.1,0.48,10.4,6,red
7,0.15,0.29,16.4,0.058,45,110,0.9978,3.15,0.37,9.7,6,white
7,0.78,0.08,2,0.093,10,19,0.9956,3.4,0.47,10,5,red
5.8,0.28,0.3,1.5,0.026,31,114,0.98952,3.32,0.6,12.5,7,white
7.2,0.27,0.28,15.2,0.046,6,41,0.99665,3.17,0.39,10.9,6,white
5.8,0.29,0.38,10.7,0.038,49,136,0.99366,3.11,0.59,11.2,6,white
5.9,0.31,0.3,7.7,0.047,60,206,0.995,3.2,0.39,9.6,6,white
7,0.27,0.29,3.9,0.059,28,199,0.9961,3.54,0.59,10.3,5,white
6.4,0.28,0.28,3,0.04,19,98,0.99216,3.25,0.47,11.1,6,white
5.4,0.23,0.36,1.5,0.03,74,121,0.98976,3.24,0.99,12.1,7,white
5.6,0.225,0.24,9.8,0.054,59,140,0.99545,3.17,0.39,10.2,6,white
7,0.3,0.38,14.9,0.032,60,181,0.9983,3.18,0.61,9.3,7,white
8.3,0.36,0.57,15,0.052,35,256,1.0001,2.93,0.64,8.6,5,white
9.2,0.41,0.5,2.5,0.055,12,25,0.9952,3.34,0.79,13.3,7,red
6.3,0.3,0.48,1.8,0.069,18,61,0.9959,3.44,0.78,10.3,6,red
6.1,0.58,0.23,2.5,0.044,16,70,0.99352,3.46,0.65,12.5,6,red
4.9,0.335,0.14,1.3,0.036,69,168,0.99212,3.47,0.46,10.46666667,5,white
7.1,0.55,0.13,1.7,0.073,21,165,0.994,2.97,0.58,9.2,6,white
6.8,0.19,0.32,7.6,0.049,37,107,0.99332,3.12,0.44,10.7,7,white
6.7,0.38,0.26,9.55,0.036,35,91,0.9919,2.98,0.37,12.4,6,white
6.6,0.21,0.3,9.9,0.041,64,174,0.995,3.07,0.5,10.1,6,white
10,0.2,0.39,1.4,0.05,19,152,0.994,3,0.42,10.4,6,white
9,0.44,0.49,2.4,0.078,26,121,0.9978,3.23,0.58,9.2,5,red
6.3,0.26,0.42,7.1,0.045,62,209,0.99544,3.2,0.53,9.5,6,white
6.8,0.39,0.31,14.35,0.043,28,162,0.9988,3.17,0.54,9.1,5,white
7.2,0.37,0.15,2,0.029,27,87,0.9903,3.3,0.59,12.6,7,white
6.9,0.3,0.21,15.7,0.056,49,159,0.99827,3.11,0.48,9,5,white
8,0.36,0.43,10.1,0.053,29,146,0.9982,3.4,0.46,9.5,6,white
6.4,0.43,0.32,1.4,0.048,10,67,0.992,3.08,0.41,11.4,5,white
6.9,0.32,0.26,8.3,0.053,32,180,0.9965,3.25,0.51,9.2,6,white
6.9,0.28,0.3,1.6,0.047,46,132,0.9918,3.35,0.38,11.1,7,white
7.4,0.13,0.39,4.7,0.042,36,137,0.995,3.36,0.56,10.3,7,white
6.6,0.22,0.23,17.3,0.047,37,118,0.99906,3.08,0.46,8.8,6,white
6.4,0.16,0.42,1,0.036,29,113,0.9908,3.18,0.52,11,6,white
8.4,0.36,0.32,2.2,0.081,32,79,0.9964,3.3,0.72,11,6,red
8.7,0.3,0.59,1.7,0.046,10,70,0.99373,3.06,0.56,10.8,4,white
8.2,0.37,0.27,1.7,0.028,10,59,0.9923,2.97,0.48,10.4,5,white
6.8,0.21,0.37,7,0.038,27,107,0.99206,2.98,0.82,11.5,6,white
6.3,0.3,0.24,6.6,0.04,38,141,0.995,3.22,0.47,9.5,5,white
9.8,0.25,0.74,10,0.056,36,225,0.9977,3.06,0.43,10,4,white
6.6,0.19,0.41,8.9,0.046,51,169,0.9954,3.14,0.57,9.8,6,white
6.2,0.31,0.23,3.3,0.052,34,113,0.99429,3.16,0.48,8.4,5,white
7.9,0.18,0.4,1.8,0.062,7,20,0.9941,3.28,0.7,11.1,5,red
7.8,0.27,0.34,1.6,0.046,27,154,0.9927,3.05,0.45,10.5,6,white
6.5,0.61,0,2.2,0.095,48,59,0.99541,3.61,0.7,11.5,6,red
7.6,0.38,0.28,4.2,0.029,7,112,0.9906,3,0.41,12.6,6,white
6.9,0.25,0.35,1.3,0.039,29,191,0.9908,3.13,0.52,11,6,white
5.8,0.29,0.21,2.6,0.025,12,120,0.9894,3.39,0.79,14,7,white
6.3,0.27,0.23,2.9,0.047,13,100,0.9936,3.28,0.43,9.8,5,white
6.2,0.2,0.26,1.1,0.047,42,119,0.99158,3.48,0.6,11,7,white
6.7,0.26,0.39,6.4,0.171,64,200,0.99562,3.19,0.38,9.4,6,white
8.2,0.35,0.33,2.4,0.076,11,47,0.99599,3.27,0.81,11,6,red
8.3,0.61,0.3,2.1,0.084,11,50,0.9972,3.4,0.61,10.2,6,red
7.1,0.12,0.3,3.1,0.018,15,37,0.99004,3.02,0.52,11.9,7,white
7.3,0.26,0.36,5.2,0.04,31,141,0.9931,3.16,0.59,11,6,white
7.7,0.69,0.22,1.9,0.084,18,94,0.9961,3.31,0.48,9.5,5,red
8.3,0.65,0.1,2.9,0.089,17,40,0.99803,3.29,0.55,9.5,5,red
7.1,0.25,0.28,1.6,0.052,46,169,0.9926,3.05,0.41,10.5,5,white
7.1,0.48,0.28,2.8,0.068,6,16,0.99682,3.24,0.53,10.3,5,red
6.6,0.695,0,2.1,0.075,12,56,0.9968,3.49,0.67,9.2,5,red
8,0.22,0.28,14,0.053,83,197,0.9981,3.14,0.45,9.8,6,white
6.5,0.19,0.1,1.3,0.046,23,107,0.9937,3.29,0.45,10,5,white
6.2,0.29,0.32,3.6,0.026,39,138,0.9892,3.31,0.37,13.1,7,white
5.9,0.14,0.2,1.6,0.04,26,114,0.99105,3.25,0.45,11.4,6,white
7,0.57,0,2,0.19,12,45,0.99676,3.31,0.6,9.4,6,red
7,0.32,0.35,1.5,0.039,24,125,0.9918,3.17,0.64,12.2,6,white
6.9,0.3,0.49,7.6,0.057,25,156,0.9962,3.43,0.63,11,7,white
6.6,0.64,0.31,6.1,0.083,7,49,0.99718,3.35,0.68,10.3,5,red
14.3,0.31,0.74,1.8,0.075,6,15,1.0008,2.86,0.79,8.4,6,red
6.7,0.25,0.26,1.55,0.041,118.5,216,0.9949,3.55,0.63,9.4,3,white
6.6,0.22,0.53,15.1,0.052,22,136,0.9986,2.94,0.35,9.4,5,white
6.9,0.2,0.3,4.7,0.041,40,148,0.9932,3.16,0.35,10.2,6,white
5.7,0.28,0.3,3.9,0.026,36,105,0.98963,3.26,0.58,12.75,6,white
6.5,0.36,0.31,13.55,0.053,20,113,0.99544,3.2,0.56,11,6,white
8,0.26,0.36,2,0.054,30,121,0.992,3.09,0.72,11.6,7,white
10.1,0.31,0.35,1.6,0.075,9,28,0.99672,3.24,0.83,11.2,7,red
7.1,0.47,0.29,14.8,0.024,22,142,0.99518,3.12,0.48,12,8,white
5.8,0.22,0.25,1.5,0.024,21,109,0.99234,3.37,0.58,10.4,6,white
8.2,0.26,0.34,2.5,0.073,16,47,0.99594,3.4,0.78,11.3,7,red
7.2,0.23,0.39,14.2,0.058,49,192,0.9979,2.98,0.48,9,7,white
6.4,0.28,0.56,1.7,0.156,49,106,0.99354,3.1,0.37,9.2,6,white
6,0.31,0.27,2.3,0.042,19,120,0.98952,3.32,0.41,12.7,7,white
7.2,0.37,0.15,2,0.029,27,87,0.9903,3.3,0.59,12.6,7,white
7.5,0.27,0.31,17.7,0.051,33,173,0.999,3.09,0.64,10.2,5,white
7.7,0.15,0.29,1.3,0.029,10,64,0.9932,3.35,0.39,10.1,5,white
6.6,0.15,0.32,6,0.033,59,128,0.99192,3.19,0.71,12.1,8,white
6.3,0.27,0.25,5.8,0.038,52,155,0.995,3.28,0.38,9.4,6,white
10.2,0.29,0.65,2.4,0.075,6,17,0.99565,3.22,0.63,11.8,6,red
6.4,0.31,0.26,13.2,0.046,57,205,0.9975,3.17,0.41,9.6,5,white
7,0.12,0.29,10.3,0.039,41,98,0.99564,3.19,0.38,9.8,8,white
6.8,0.24,0.49,19.3,0.057,55,247,1.00055,3,0.56,8.7,5,white
6.2,0.22,0.3,12.4,0.054,108,152,0.99728,3.1,0.47,9.5,6,white
6.7,0.34,0.26,1.9,0.038,58,138,0.9893,3,0.47,12.2,7,white
8.6,0.47,0.27,2.3,0.055,14,28,0.99516,3.18,0.8,11.2,5,red
7.5,0.32,0.24,4.6,0.053,8,134,0.9958,3.14,0.5,9.1,3,white
6.6,0.31,0.38,16.05,0.058,16,165,0.9997,3.38,0.6,9.2,5,white
6,0.16,0.3,6.7,0.043,43,153,0.9951,3.63,0.46,10.6,5,white
9,0.2,0.33,3.5,0.049,10,40,0.9944,3.14,0.36,9.8,6,white
8,0.37,0.32,1.6,0.04,32,166,0.992,3,0.55,11.3,7,white
6.2,0.25,0.54,7,0.046,58,176,0.99454,3.19,0.7,10.4,5,white
7.5,0.27,0.34,2.3,0.05,4,8,0.9951,3.4,0.64,11,7,red
5.7,0.25,0.26,12.5,0.049,52.5,120,0.99691,3.08,0.45,9.4,6,white
8.3,1.02,0.02,3.4,0.084,6,11,0.99892,3.48,0.49,11,3,red
8.3,0.26,0.42,2,0.08,11,27,0.9974,3.21,0.8,9.4,6,red
7,0.45,0.34,19.8,0.04,12,67,0.9976,3.07,0.38,11,6,white
6.9,0.635,0.17,2.4,0.241,6,18,0.9961,3.4,0.59,10.3,6,red
6.5,0.58,0,2.2,0.096,3,13,0.99557,3.62,0.62,11.5,4,red
8,0.24,0.26,1.7,0.033,36,136,0.99316,3.44,0.51,10.4,7,white
7.4,0.55,0.19,1.8,0.082,15,34,0.99655,3.49,0.68,10.5,5,red
9.1,0.47,0.49,2.6,0.094,38,106,0.9982,3.08,0.59,9.1,5,red
6.9,0.44,0.27,5,0.038,33,166,0.99124,3.2,0.42,12.2,6,white
7,0.27,0.48,6.1,0.042,60,184,0.99566,3.2,0.5,9.4,6,white
6.3,0.24,0.37,1.8,0.031,6,61,0.9897,3.3,0.34,12.2,4,white
7.1,0.34,0.28,2,0.082,31,68,0.99694,3.45,0.48,9.4,5,red
9,0.62,0.04,1.9,0.146,27,90,0.9984,3.16,0.7,9.4,5,red
7.2,0.15,0.39,1.8,0.043,21,159,0.9948,3.52,0.47,10,5,white
7.4,0.25,0.36,13.2,0.067,53,178,0.9976,3.01,0.48,9,6,white
7.8,0.29,0.33,8.75,0.035,33,181,0.9962,3.11,0.46,10.7,5,white
6.7,0.17,0.27,1.4,0.032,39,149,0.99254,3.4,0.52,10.5,5,white
7.2,0.115,0.3,6.8,0.056,26,105,0.9954,3.44,0.4,9.6,6,white
6.8,0.19,0.33,1.3,0.031,22,87,0.98987,3.08,0.62,12.3,7,white
7.4,0.19,0.31,14.5,0.045,39,193,0.9986,3.1,0.5,9.2,6,white
7.5,0.24,0.31,13.1,0.05,26,180,0.99884,3.05,0.53,9.1,6,white
6.6,0.23,0.32,0.9,0.041,25,79,0.9926,3.39,0.54,10.2,7,white
7.8,0.55,0.35,2.2,0.074,21,66,0.9974,3.25,0.56,9.2,5,red
6.9,0.44,0.42,8.5,0.048,10,147,0.9974,3.32,0.46,9.5,6,white
7.3,0.33,0.22,1.4,0.041,40,177,0.99287,3.14,0.48,9.9,5,white
5.2,0.44,0.04,1.4,0.036,43,119,0.9894,3.36,0.33,12.1,8,white
7.6,0.23,0.4,5.2,0.066,14,91,0.99488,3.17,0.8,9.7,5,white
8,0.725,0.24,2.8,0.083,10,62,0.99685,3.35,0.56,10,6,red
5.9,0.655,0,5.6,0.033,8,31,0.9936,3.32,0.51,10.5,4,white
6.2,0.35,0.25,18.4,0.051,28,182,0.99946,3.13,0.62,9.3,6,white
5.6,0.19,0.47,4.5,0.03,19,112,0.9922,3.56,0.45,11.2,6,white
7,0.48,0.12,4.5,0.05,23,86,0.99398,2.86,0.35,9,5,white
6.1,0.16,0.34,6.1,0.034,31,114,0.99365,3.32,0.58,10.15,7,white
7.5,0.6,0.03,1.8,0.095,25,99,0.995,3.35,0.54,10.1,5,red
7.2,0.29,0.4,13.6,0.045,66,231,0.9977,3.08,0.59,9.6,6,white
5.8,0.32,0.38,4.75,0.033,23,94,0.991,3.42,0.42,11.8,7,white
6.7,0.16,0.37,1.3,0.036,45,125,0.98964,3.19,0.51,12.4,7,white
7.8,0.18,0.31,12.2,0.053,46,140,0.998,3.06,0.53,8.9,6,white
5.9,0.33,0.32,8.1,0.038,9,34,0.9911,3.22,0.36,12.7,7,white
6.5,0.28,0.35,15.4,0.042,55,195,0.9978,3.23,0.5,9.6,6,white
7.6,1.58,0,2.1,0.137,5,9,0.99476,3.5,0.4,10.9,3,red
7.8,0.55,0,1.7,0.07,7,17,0.99659,3.26,0.64,9.4,6,red
6.7,0.16,0.32,12.5,0.035,18,156,0.99666,2.88,0.36,9,6,white
6.2,0.235,0.34,1.9,0.036,4,117,0.99032,3.4,0.44,12.2,5,white
8,0.22,0.42,14.6,0.044,45,163,1.0003,3.21,0.69,8.6,7,white
6,0.23,0.15,9.7,0.048,101,207,0.99571,3.05,0.3,9.1,5,white
5.8,0.36,0.26,3.3,0.038,40,153,0.9911,3.34,0.55,11.3,6,white
6.5,0.23,0.39,1.9,0.036,41,98,0.99,3.19,0.43,11.9,7,white
6.6,0.36,0.47,1.4,0.145,26,124,0.99274,3.09,0.56,10.1,6,white
8.2,0.635,0.1,2.1,0.073,25,60,0.99638,3.29,0.75,10.9,6,red
6.9,0.3,0.25,3.3,0.041,26,124,0.99428,3.18,0.5,9.3,6,white
6.4,0.21,0.5,11.6,0.042,45,153,0.9972,3.15,0.43,8.8,5,white
6.7,0.42,0.39,12.1,0.04,61,248,0.99794,3.31,0.58,9.7,5,white
4.2,0.17,0.36,1.8,0.029,93,161,0.98999,3.65,0.89,12,7,white
6.4,0.25,0.57,1,0.062,21,122,0.99238,3,0.4,9.5,5,white
6.1,0.4,0.16,1.8,0.069,11,25,0.9955,3.42,0.74,10.1,7,red
8,0.36,0.39,1.6,0.024,26,93,0.99116,3.15,0.49,11.9,6,white
8.1,0.19,0.4,0.9,0.037,73,180,0.9926,3.06,0.34,10,6,white
7.3,0.19,0.27,13.9,0.057,45,155,0.99807,2.94,0.41,8.8,8,white
8.3,0.39,0.7,10.6,0.045,33,169,0.9976,3.09,0.57,9.4,5,white
6.4,0.3,0.27,4.4,0.055,17,135,0.9925,3.23,0.44,12.2,6,white
7.7,0.43,0.25,2.6,0.073,29,63,0.99615,3.37,0.58,10.5,6,red
7.4,0.19,0.31,14.5,0.045,39,193,0.9986,3.1,0.5,9.2,6,white
6,0.615,0.04,0.8,0.032,8,50,0.99036,3.14,0.4,11,4,white
6.8,0.18,0.28,9.8,0.039,29,113,0.99406,3.11,0.45,10.9,7,white
7.2,0.27,0.46,18.75,0.052,45,255,1,3.04,0.52,8.9,5,white
7.5,0.51,0.02,1.7,0.084,13,31,0.99538,3.36,0.54,10.5,6,red
7,0.31,0.52,1.7,0.029,5,61,0.9918,3.07,0.43,10.4,5,white
10.9,0.53,0.49,4.6,0.118,10,17,1.0002,3.07,0.56,11.7,6,red
8.1,0.3,0.49,8.1,0.037,26,174,0.9943,3.1,0.3,11.2,7,white
7.3,0.19,0.27,13.9,0.057,45,155,0.99807,2.94,0.41,8.8,8,white
6.6,0.52,0.08,2.4,0.07,13,26,0.99358,3.4,0.72,12.5,7,red
8.3,0.6,0.25,2.2,0.118,9,38,0.99616,3.15,0.53,9.8,5,red
6.6,0.24,0.28,1.8,0.028,39,132,0.99182,3.34,0.46,11.4,5,white
5.8,0.32,0.2,2.6,0.027,17,123,0.98936,3.36,0.78,13.9,7,white
6.4,0.29,0.18,15,0.04,21,116,0.99736,3.14,0.5,9.2,5,white
7.4,0.16,0.3,13.7,0.056,33,168,0.99825,2.9,0.44,8.7,7,white
5.7,0.28,0.24,17.5,0.044,60,167,0.9989,3.31,0.44,9.4,5,white
6.7,0.36,0.28,8.3,0.034,29,81,0.99151,2.96,0.39,12.5,6,white
7,0.13,0.37,12.85,0.042,36,105,0.99581,3.05,0.55,10.7,6,white
7,0.44,0.24,12.1,0.056,68,210,0.99718,3.05,0.5,9.5,5,white
6.8,0.3,0.35,2.8,0.038,10,164,0.9912,3.09,0.53,12,6,white
5.8,0.555,0.26,4.5,0.053,17,126,0.9943,3.24,0.46,9.1,5,white
7.9,0.18,0.37,3,0.061,25,178,0.995,3.22,0.51,10,6,white
6.4,0.27,0.19,2,0.084,21,191,0.99516,3.49,0.63,9.6,4,white
10.8,0.4,0.41,2.2,0.084,7,17,0.9984,3.08,0.67,9.3,6,red
6.3,0.23,0.33,1.5,0.036,15,105,0.991,3.32,0.42,11.2,6,white
7,0.29,0.35,1.4,0.036,42,109,0.99119,3.31,0.62,11.6,6,white
6.4,0.35,0.28,12.6,0.039,19,124,0.99539,3.2,0.43,10.6,6,white
5.2,0.36,0.02,1.6,0.031,24,104,0.9896,3.44,0.35,12.2,6,white
6.5,0.15,0.55,5.9,0.045,75,162,0.99482,2.97,0.4,9.3,5,white
11,0.2,0.48,2,0.343,6,18,0.9979,3.3,0.71,10.5,5,red
7.1,0.39,0.79,1.4,0.194,23,90,0.99212,3.17,0.46,10.5,6,white
6.8,0.27,0.49,1.2,0.044,35,126,0.99,3.13,0.48,12.1,7,white
6.5,0.22,0.19,1.1,0.064,36,191,0.99297,3.05,0.5,9.5,6,white
7.2,0.695,0.13,2,0.076,12,20,0.99546,3.29,0.54,10.1,5,red
6.5,0.27,0.19,6.6,0.045,98,175,0.99364,3.16,0.34,10.1,6,white
7.7,0.28,0.29,6.9,0.041,29,163,0.9952,3.44,0.6,10.5,6,white
6.2,0.56,0.09,1.7,0.053,24,32,0.99402,3.54,0.6,11.3,5,red
5,0.24,0.19,5,0.043,17,101,0.99438,3.67,0.57,10,5,white
7.9,0.35,0.28,12.9,0.032,13,63,0.9932,2.99,0.43,13,6,white
7.3,0.49,0.32,5.2,0.043,18,104,0.9952,3.24,0.45,10.7,4,white
10.4,0.26,0.48,1.9,0.066,6,10,0.99724,3.33,0.87,10.9,6,red
7.3,0.19,0.27,13.9,0.057,45,155,0.99807,2.94,0.41,8.8,8,white
5.6,0.185,0.19,7.1,0.048,36,110,0.99438,3.26,0.41,9.5,6,white
6.7,0.41,0.27,2.6,0.033,25,85,0.99086,3.05,0.34,11.7,6,white
7.1,0.18,0.49,1.3,0.033,12,72,0.99072,3.05,0.53,11.3,7,white
7.9,0.51,0.34,2.6,0.049,13,135,0.99335,3.09,0.51,10,5,white
6.9,0.32,0.3,1.8,0.036,28,117,0.99269,3.24,0.48,11,6,white
6.4,0.35,0.21,2.1,0.051,46,171,0.9932,3.16,0.5,9.5,5,white
5.2,0.16,0.34,0.8,0.029,26,77,0.99155,3.25,0.51,10.1,6,white
9.2,0.15,0.68,1.6,0.046,22,130,0.9948,3.02,0.45,10.4,6,white
7.2,0.33,0.22,4.5,0.031,10,73,0.99076,2.97,0.52,12.2,7,white
6.2,0.28,0.22,7.3,0.041,26,157,0.9957,3.44,0.64,9.8,7,white
7.4,0.19,0.3,12.8,0.053,48.5,229,0.9986,3.14,0.49,9.1,7,white
7.4,0.16,0.3,13.7,0.056,33,168,0.99825,2.9,0.44,8.7,7,white
6.8,0.25,0.29,2,0.042,19,189,0.9952,3.46,0.54,10.2,6,white
7,0.22,0.26,9.2,0.027,37,122,0.99228,3.06,0.34,12.5,8,white
7.3,0.33,0.4,6.85,0.038,32,138,0.992,3.03,0.3,11.9,7,white
7.6,0.25,1.23,4.6,0.035,51,294,0.99018,3.03,0.43,13.1,6,white
6.3,0.33,0.27,1.2,0.046,34,175,0.9934,3.37,0.54,9.4,6,white
7.4,0.17,0.29,1.4,0.047,23,107,0.9939,3.52,0.65,10.4,6,white
6.6,0.16,0.32,1.4,0.035,49,186,0.9906,3.35,0.64,12.4,8,white
5.3,0.32,0.12,6.6,0.043,22,141,0.9937,3.36,0.6,10.4,6,white
7.6,0.9,0.06,2.5,0.079,5,10,0.9967,3.39,0.56,9.8,5,red
6.9,0.29,0.4,19.45,0.043,36,156,0.9996,2.93,0.47,8.9,5,white
7,0.18,0.37,1.5,0.043,16,104,0.99216,3.18,0.5,10.8,5,white
6.4,0.26,0.21,7.1,0.04,35,162,0.9956,3.39,0.58,9.9,6,white
7.1,0.365,0.14,1.2,0.055,24,84,0.9941,3.15,0.43,8.9,5,white
8.4,0.34,0.42,2.1,0.072,23,36,0.99392,3.11,0.78,12.4,6,red
6.7,0.22,0.39,10.2,0.038,60,149,0.99725,3.17,0.54,10,7,white
6.7,0.36,0.28,8.3,0.034,29,81,0.99151,2.96,0.39,12.5,6,white
6.2,0.43,0.49,6.4,0.045,12,115,0.9963,3.27,0.57,9,4,white
7.3,0.25,0.29,7.5,0.049,38,158,0.9965,3.43,0.38,9.6,5,white
7.6,0.23,0.29,8.6,0.053,65,146,0.9963,3.11,0.32,9.8,6,white
6.4,0.34,0.1,1.1,0.048,19,84,0.9927,3.21,0.38,9.8,5,white
8.9,0.32,0.31,2,0.088,12,19,0.9957,3.17,0.55,10.4,6,red
7.3,0.25,0.36,2.1,0.034,30,177,0.99085,3.25,0.4,11.9,8,white
5.9,0.445,0.26,1.4,0.027,23,109,0.99148,3.3,0.36,10.5,6,white
6.6,0.855,0.02,2.4,0.062,15,23,0.99627,3.54,0.6,11,6,red
5.2,0.365,0.08,13.5,0.041,37,142,0.997,3.46,0.39,9.9,6,white
6.8,0.27,0.32,1.5,0.044,19,142,0.9921,3.1,0.43,9.9,6,white
6,0.29,0.27,2.3,0.044,20,117,0.9895,3.31,0.41,12.7,7,white
7.4,0.27,0.49,1.1,0.037,33,156,0.992,3.15,0.54,11.1,6,white
8.3,0.26,0.41,9.2,0.042,41,162,0.9944,3.1,0.38,12,7,white
6.4,0.23,0.35,4.6,0.039,43,147,0.99216,3.18,0.4,11,7,white
8.3,0.76,0.29,4.2,0.075,12,16,0.9965,3.45,0.68,11.5,6,red
7,0.35,0.17,1.1,0.049,7,119,0.99297,3.13,0.36,9.7,6,white
5.7,0.21,0.24,2.3,0.047,60,189,0.995,3.65,0.72,10.1,6,white
7,0.46,0.2,16.7,0.046,50,184,0.99898,3.08,0.56,9.4,5,white
7.5,0.33,0.36,2.6,0.051,26,126,0.99097,3.32,0.53,12.7,6,white
7.3,0.3,0.74,13.5,0.039,46,165,0.9982,3.02,0.4,8.7,5,white
7.7,0.26,0.4,1.1,0.042,9,60,0.9915,2.89,0.5,10.6,5,white
7.3,0.67,0.02,2.2,0.072,31,92,0.99566,3.32,0.68,11.1,6,red
8.6,0.37,0.7,12.15,0.039,21,158,0.9983,3,0.73,9.3,6,white
7.4,0.16,0.49,1.2,0.055,18,150,0.9917,3.23,0.47,11.2,6,white
6.3,0.76,0,2.9,0.072,26,52,0.99379,3.51,0.6,11.5,6,red
8.2,0.24,0.49,9.3,0.038,52,163,0.9952,3.02,0.33,10.6,6,white
6.4,0.29,0.21,9.65,0.041,36,119,0.99334,2.99,0.34,10.93333333,6,white
6,0.22,0.25,11.1,0.056,112,177,0.9961,3.08,0.36,9.4,6,white
6.5,0.29,0.31,1.7,0.035,24,79,0.99053,3.27,0.69,11.4,7,white
6.2,0.35,0.29,7.3,0.044,56,244,0.9956,3.36,0.55,10,6,white
7,0.45,0.34,2.7,0.082,16,72,0.998,3.55,0.6,9.5,5,red
6.6,0.26,0.21,2.9,0.026,48,126,0.99089,3.22,0.38,11.3,7,white
7.2,0.58,0.54,2.1,0.114,3,9,0.99719,3.33,0.57,10.3,4,red
7.8,0.19,0.32,7.4,0.015,47,124,0.99278,2.99,0.39,11,6,white
7.3,0.66,0,2,0.084,6,23,0.9983,3.61,0.96,9.9,6,red
7,0.69,0.07,2.5,0.091,15,21,0.99572,3.38,0.6,11.3,6,red
7.6,0.17,0.45,11.2,0.054,56,137,0.997,3.15,0.47,10,5,white
6.7,0.31,0.31,4.9,0.031,20,151,0.9926,3.36,0.82,12,7,white
6.3,0.13,0.42,1.1,0.043,63,146,0.99066,3.13,0.72,11.2,7,white
6.6,0.22,0.29,14.4,0.046,39,118,0.99834,3.05,0.5,9.1,6,white
6.5,0.23,0.39,1.9,0.036,41,98,0.99,3.19,0.43,11.9,7,white
6.2,0.24,0.27,2.9,0.039,30,123,0.98959,3.12,0.37,12.8,6,white
6.8,0.36,0.24,4.6,0.039,24,124,0.9909,3.27,0.34,12.6,7,white
7.3,0.19,0.68,1.5,0.05,31,156,0.9946,3.32,0.64,9.4,6,white
7,0.15,0.28,14.7,0.051,29,149,0.99792,2.96,0.39,9,7,white
9.1,0.59,0.38,1.6,0.066,34,182,0.9968,3.23,0.38,8.5,3,white
6.3,0.21,0.4,1.7,0.031,48,134,0.9917,3.42,0.49,11.5,6,white
7.4,0.53,0.26,2,0.101,16,72,0.9957,3.15,0.57,9.4,5,red
7.6,0.3,0.37,1.6,0.087,27,177,0.99438,3.09,0.5,9.8,5,white
7,0.15,0.28,14.7,0.051,29,149,0.99792,2.96,0.39,9,7,white
5.7,0.26,0.27,4.1,0.201,73.5,189.5,0.9942,3.27,0.38,9.4,6,white
7.4,0.35,0.24,6,0.042,28,123,0.99304,3.14,0.44,11.3,5,white
7,0.24,0.36,4.9,0.083,10,133,0.9942,3.33,0.37,10.8,6,white
9.4,0.41,0.48,4.6,0.072,10,20,0.9973,3.34,0.79,12.2,7,red
5.3,0.2,0.31,3.6,0.036,22,91,0.99278,3.41,0.5,9.8,6,white
7.3,0.25,0.27,3.8,0.047,16,79,0.99173,3.07,0.46,11.3,6,white
13.8,0.49,0.67,3,0.093,6,15,0.9986,3.02,0.93,12,6,red
6.1,0.34,0.21,5,0.042,17,133,0.99373,3.02,0.53,9.4,5,white
7.8,0.27,0.58,11.2,0.036,44,161,0.9977,3.06,0.41,8.9,6,white
7.2,0.24,0.27,11.4,0.034,40,174,0.99773,3.2,0.44,9,5,white
7.1,0.15,0.34,1,0.033,27,73,0.98974,3.24,0.41,12.2,6,white
6.9,0.41,0.33,2.2,0.081,22,36,0.9949,3.41,0.75,11.1,6,red
6.9,0.23,0.4,7.5,0.04,50,151,0.9927,3.11,0.27,11.4,6,white
7.6,0.49,0.33,1.9,0.074,27,85,0.99706,3.41,0.58,9,5,red
6.5,0.25,0.45,7.8,0.048,52,188,0.99576,3.2,0.53,9.1,5,white
6.6,0.22,0.23,17.3,0.047,37,118,0.99906,3.08,0.46,8.8,6,white
6.9,0.615,0.42,12,0.067,24,131,0.99727,3.19,0.34,9.3,5,white
6.8,0.22,0.3,10.6,0.07,67,194,0.99654,2.89,0.42,9,6,white
10.4,0.44,0.73,6.55,0.074,38,76,0.999,3.17,0.85,12,7,red
11.9,0.58,0.66,2.5,0.072,6,37,0.9992,3.05,0.56,10,5,red
6.6,0.16,0.35,1.8,0.042,26,105,0.98962,3.19,0.75,12.4,7,white
8.2,0.38,0.32,2.5,0.08,24,71,0.99624,3.27,0.85,11,6,red
6.7,0.18,0.24,10.3,0.057,64,185,0.99519,3.12,0.5,10.6,6,white
7.4,0.59,0.08,4.4,0.086,6,29,0.9974,3.38,0.5,9,4,red
6.9,0.23,0.32,16.4,0.045,62,153,0.9972,3.22,0.42,10.5,5,white
7,0.3,0.32,6.4,0.034,28,97,0.9924,3.23,0.44,11.8,6,white
11.6,0.42,0.53,3.3,0.105,33,98,1.001,3.2,0.95,9.2,5,red
7.1,0.25,0.25,1.6,0.046,50,181,0.9925,3.2,0.42,11,7,white
6.4,0.1,0.35,4.9,0.048,31,103,0.9947,3.43,0.79,9.7,6,white
6.7,0.28,0.28,2.4,0.012,36,100,0.99064,3.26,0.39,11.7,7,red
5.3,0.76,0.03,2.7,0.043,27,93,0.9932,3.34,0.38,9.2,5,white
6,0.45,0.42,1.1,0.051,61,197,0.9932,3.02,0.4,9,5,white
6.3,0.32,0.17,17.75,0.06,51,190,0.99916,3.13,0.48,8.8,6,white
7.6,0.23,0.26,15.3,0.067,32,166,0.9986,3.03,0.44,9.2,4,white
7.9,0.66,0,1.4,0.096,6,13,0.99569,3.43,0.58,9.5,5,red
8.2,0.34,0.49,8,0.046,55,223,0.996,3.08,0.52,10.7,6,white
5.5,0.16,0.31,1.2,0.026,31,68,0.9898,3.33,0.44,11.65,6,white
6.5,0.26,0.34,1.4,0.04,25,184,0.99216,3.29,0.46,10.7,5,white
6.2,0.44,0.39,2.5,0.077,6,14,0.99555,3.51,0.69,11,6,red
6.9,0.18,0.36,1.3,0.036,40,117,0.9934,3.27,0.95,9.5,7,white
7.3,0.22,0.26,1.5,0.04,32,172,0.99194,3.27,0.48,11.2,6,white
6.4,0.33,0.3,7.2,0.041,42,168,0.99331,3.22,0.49,11.1,6,white
9,0.4,0.41,2,0.058,15,40,0.99414,3.22,0.6,12.2,6,red
7.2,0.21,0.34,1.1,0.046,25,80,0.992,3.25,0.4,11.3,6,white
7.2,0.27,0.28,15.2,0.046,6,41,0.99665,3.17,0.39,10.9,6,white
6.5,0.33,0.24,14.5,0.048,20,96,0.99456,3.06,0.3,11.5,8,white
6.6,0.12,0.25,1.4,0.039,21,131,0.99114,3.2,0.45,11.2,7,white
7.3,0.19,0.27,13.9,0.057,45,155,0.99807,2.94,0.41,8.8,8,white
5.4,0.18,0.24,4.8,0.041,30,113,0.99445,3.42,0.4,9.4,6,white
7.5,0.4,0.12,3,0.092,29,53,0.9967,3.37,0.7,10.3,6,red
5.1,0.585,0,1.7,0.044,14,86,0.99264,3.56,0.94,12.9,7,red
5.3,0.16,0.39,1,0.028,40,101,0.99156,3.57,0.59,10.6,6,white
6.7,0.22,0.37,1.6,0.028,24,102,0.9913,3.29,0.59,11.6,7,white
7.1,0.21,0.27,8.6,0.056,26,111,0.9956,2.95,0.52,9.5,5,white
6.5,0.46,0.14,2.4,0.114,9,37,0.99732,3.66,0.65,9.8,5,red
8.6,0.34,0.36,1.4,0.045,11,119,0.99556,3.17,0.47,9.4,4,white
7.4,0.32,0.27,1.4,0.049,38,173,0.99335,3.03,0.52,9.3,5,white
9.3,0.49,0.36,1.7,0.081,3,14,0.99702,3.27,0.78,10.9,6,red
6.4,0.38,0.19,4.5,0.038,36,119,0.99151,3.07,0.42,11.2,6,white
7.7,0.26,0.31,1.3,0.043,47,155,0.9937,3.42,0.5,10.1,6,white
6.4,0.23,0.35,4.6,0.039,43,147,0.99216,3.18,0.4,11,7,white
7.3,0.26,0.24,1.7,0.05,10,112,0.99286,3.11,0.43,9.9,5,white
12.6,0.39,0.49,2.5,0.08,8,20,0.9992,3.07,0.82,10.3,6,red
9.9,0.63,0.24,2.4,0.077,6,33,0.9974,3.09,0.57,9.4,5,red
8.8,0.61,0.19,4,0.094,30,69,0.99787,3.22,0.5,10,6,red
10.1,0.45,0.23,1.9,0.082,10,18,0.99774,3.22,0.65,9.3,6,red
7,0.29,0.49,3.8,0.047,37,136,0.9938,2.95,0.4,9.4,6,white
6.9,0.31,0.32,1.6,0.036,34,114,0.99068,3.19,0.45,11.4,7,white
14.2,0.27,0.49,1.1,0.037,33,156,0.992,3.15,0.54,11.1,6,white
9.8,0.25,0.49,2.7,0.088,15,33,0.9982,3.42,0.9,10,6,red
6.5,0.2,0.24,9.2,0.044,25,150,0.99502,3.22,0.44,10.5,5,white
7.7,0.42,0.31,9.2,0.048,22,221,0.9969,3.06,0.61,9.2,6,white
7.2,0.24,0.36,2,0.029,21,63,0.99076,3.13,0.63,12.5,6,white
6.7,0.34,0.4,2.1,0.033,34,111,0.98924,2.97,0.48,12.2,7,white
7.2,0.31,0.5,13.3,0.056,68,195,0.9982,3.01,0.47,9.2,5,white
5.5,0.335,0.3,2.5,0.071,27,128,0.9924,3.14,0.51,9.6,6,white
6.2,0.38,0.42,2.5,0.038,34,117,0.99132,3.36,0.59,11.6,7,white
7.2,0.24,0.4,17.85,0.049,50,185,1,3.34,0.42,9.6,5,white
8.1,0.78,0.23,2.6,0.059,5,15,0.997,3.37,0.56,11.3,5,red
7.2,0.14,0.32,1.1,0.022,48,116,0.99218,3.04,0.67,10,6,white
5.9,0.44,0,1.6,0.042,3,11,0.9944,3.48,0.85,11.7,6,red
7.5,0.24,0.31,13,0.049,46,217,0.9985,3.08,0.53,8.8,5,white
6.4,0.24,0.22,1.5,0.038,38,157,0.9934,3.41,0.55,9.9,6,white
9,0.69,0,2.4,0.088,19,38,0.999,3.35,0.6,9.3,5,red
11.4,0.46,0.5,2.7,0.122,4,17,1.0006,3.13,0.7,10.2,5,red
8.5,0.19,0.48,1.1,0.026,23,58,0.99184,2.9,0.5,10.5,6,white
9.3,0.775,0.27,2.8,0.078,24,56,0.9984,3.31,0.67,10.6,6,red
8.6,0.685,0.1,1.6,0.092,3,12,0.99745,3.31,0.65,9.55,6,red
7.3,0.59,0.26,2,0.08,17,104,0.99584,3.28,0.52,9.9,5,red
7.7,0.62,0.04,3.8,0.084,25,45,0.9978,3.34,0.53,9.5,5,red
6.8,0.21,0.49,14.5,0.06,50,170,0.9991,3.55,0.44,9.8,6,white
7.9,0.345,0.51,15.3,0.047,54,171,0.9987,3.09,0.51,9.1,5,white
9.1,0.765,0.04,1.6,0.078,4,14,0.998,3.29,0.54,9.7,4,red
7.3,0.44,0.2,1.6,0.049,24,64,0.9935,3.38,0.57,11.7,6,red
9.5,0.56,0.33,2.4,0.089,35,67,0.9972,3.28,0.73,11.8,7,red
6.4,0.25,0.3,5.5,0.038,15,129,0.9948,3.14,0.49,9.6,6,white
7.2,0.27,0.74,12.5,0.037,47,156,0.9981,3.04,0.44,8.7,5,white
7.5,0.29,0.36,15.7,0.05,29,124,0.9968,3.06,0.54,10.4,5,white
6.6,0.26,0.25,11.6,0.045,45,178,0.99691,3.33,0.43,9.8,6,white
6.9,0.4,0.14,2.4,0.085,21,40,0.9968,3.43,0.63,9.7,6,red
6.7,0.27,0.26,2.3,0.043,61,181,0.99394,3.45,0.63,10.6,6,white
8.2,0.18,0.49,1.1,0.033,28,81,0.9923,3,0.68,10.4,7,white
6.2,0.36,0.22,5.25,0.038,44,145,0.99184,3.22,0.4,11.2,6,white
13,0.47,0.49,4.3,0.085,6,47,1.0021,3.3,0.68,12.7,6,red
6,0.39,0.26,2.7,0.038,39,187,0.99325,3.41,0.5,10.8,6,white
7,0.19,0.23,5.7,0.123,27,104,0.9954,3.04,0.54,9.4,6,white
10,0.35,0.47,2,0.061,6,11,0.99585,3.23,0.52,12,6,red
7.4,0.18,0.3,10.4,0.045,44,174,0.9966,3.11,0.57,9.7,6,white
6.6,0.23,0.3,4.6,0.06,29,154,0.99142,3.23,0.49,12.2,8,white
6.9,0.4,0.17,12.9,0.033,59,186,0.99754,3.08,0.49,9.4,5,white
6.5,0.31,0.14,7.5,0.044,34,133,0.9955,3.22,0.5,9.5,5,white
6.6,0.34,0.27,6.2,0.059,23,136,0.9957,3.3,0.49,10.1,6,white
9.9,0.54,0.26,2,0.111,7,60,0.99709,2.94,0.98,10.2,5,red
6.9,0.54,0.26,12.7,0.049,59,195,0.99596,3.26,0.54,10.5,6,white
6.5,0.26,0.31,3.6,0.03,36,92,0.99026,3.22,0.62,12.6,8,white
6.4,0.29,0.28,11.1,0.063,66,169,0.9973,2.89,0.57,9,5,white
6.4,0.19,0.35,10.2,0.043,40,106,0.99632,3.16,0.5,9.7,6,white
6.8,0.15,0.41,12.9,0.044,79.5,183,0.99742,3.24,0.78,10.2,6,white
8.2,0.18,0.38,1.1,0.04,41,92,0.99062,2.88,0.6,12,6,white
7.8,0.28,0.22,1.4,0.056,24,130,0.9944,3.28,0.48,9.5,5,white
6.2,0.33,0.14,4.8,0.052,27,128,0.99475,3.21,0.48,9.4,5,white
6.5,0.23,0.38,1.3,0.032,29,112,0.99298,3.29,0.54,9.7,5,white
6.6,0.84,0.03,2.3,0.059,32,48,0.9952,3.52,0.56,12.3,7,red
6.3,0.17,0.23,5.7,0.048,44,147,0.99382,3.08,0.54,10,5,white
5.6,0.295,0.26,1.1,0.035,40,102,0.99154,3.47,0.56,10.6,6,white
8,0.55,0.17,8.2,0.04,13,60,0.9956,3.09,0.3,9.5,4,white
6.8,0.63,0.07,2.1,0.089,11,44,0.9953,3.47,0.55,10.4,6,red
8.4,0.29,0.4,1.7,0.067,8,20,0.99603,3.39,0.6,10.5,5,red
8.5,0.25,0.27,4.7,0.031,31,92,0.9922,3.01,0.33,12,6,white
6.3,0.27,0.25,5.8,0.038,52,155,0.995,3.28,0.38,9.4,6,white
7.6,0.39,0.32,3.6,0.035,22,93,0.99144,3.08,0.6,12.5,7,white
6.3,0.16,0.22,1.3,0.046,18,66,0.99307,3.61,0.55,10.3,6,white
6.9,0.32,0.16,1.4,0.051,15,96,0.994,3.22,0.38,9.5,4,white
7.6,0.19,0.42,1.5,0.044,6,114,0.9914,3.04,0.74,12.8,6,white
7.6,0.665,0.1,1.5,0.066,27,55,0.99655,3.39,0.51,9.3,5,red
5.3,0.3,0.2,1.1,0.077,48,166,0.9944,3.3,0.54,8.7,4,white
7.4,0.23,0.38,8.6,0.052,41,150,0.99534,3.06,0.46,10.3,5,white
6,0.26,0.32,3.5,0.028,29,113,0.9912,3.4,0.71,12.3,7,white
6.6,0.23,0.27,5.6,0.043,43,164,0.9953,3.27,0.76,9.5,5,white
5.6,0.19,0.26,1.4,0.03,12,76,0.9905,3.25,0.37,10.9,7,white
6.8,0.31,0.32,7.6,0.052,35,143,0.9959,3.14,0.38,9,5,white
8.1,0.82,0,4.1,0.095,5,14,0.99854,3.36,0.53,9.6,5,red
7,0.19,0.23,5.7,0.123,27,104,0.9954,3.04,0.54,9.4,6,white
8.9,0.4,0.32,5.6,0.087,10,47,0.9991,3.38,0.77,10.5,7,red
8.7,0.23,0.32,13.4,0.044,35,169,0.99975,3.12,0.47,8.8,7,white
7.9,0.255,0.26,2,0.026,40,190,0.9932,3.04,0.39,11.2,6,white
4.8,0.26,0.23,10.6,0.034,23,111,0.99274,3.46,0.28,11.5,7,white
5.9,0.48,0.3,1.5,0.037,19,78,0.99057,3.47,0.42,11.9,7,white
8.8,0.39,0.34,5.9,0.055,33,128,0.9927,2.95,0.51,11.8,6,white
11.6,0.475,0.4,1.4,0.091,6,28,0.99704,3.07,0.65,10.03333333,6,red
10.1,0.27,0.54,2.3,0.065,7,26,0.99531,3.17,0.53,12.5,6,red
5.1,0.23,0.18,1,0.053,13,99,0.98956,3.22,0.39,11.5,5,white
8.4,0.17,0.31,6.7,0.038,29,132,0.9945,3.1,0.32,10.6,7,white
6.7,0.5,0.63,13.4,0.078,81,238,0.9988,3.08,0.44,9.2,5,white
12.6,0.38,0.66,2.6,0.088,10,41,1.001,3.17,0.68,9.8,6,red
11.6,0.32,0.55,2.8,0.081,35,67,1.0002,3.32,0.92,10.8,7,red
5,0.33,0.16,1.5,0.049,10,97,0.9917,3.48,0.44,10.7,6,white
10,0.41,0.45,6.2,0.071,6,14,0.99702,3.21,0.49,11.8,7,red
8.1,0.66,0.7,2.2,0.098,25,129,0.9972,3.08,0.53,9,5,red
7.1,0.26,0.19,8.2,0.051,53,187,0.996,3.16,0.52,9.7,5,white
6.2,0.345,0.27,10.1,0.056,38,187,0.99486,3.31,0.56,10.6,5,white
5.8,0.25,0.26,13.1,0.051,44,148,0.9972,3.29,0.38,9.3,5,white
6.5,0.34,0.27,2.8,0.067,8,44,0.99384,3.21,0.56,12,6,red
6.4,0.25,0.3,5.5,0.038,15,129,0.9948,3.14,0.49,9.6,6,white
6.5,0.17,0.31,1.5,0.041,34,121,0.99092,3.06,0.46,10.5,6,white
7.9,0.34,0.44,6.5,0.027,47,126,0.99124,2.96,0.37,12.5,6,white
7.8,0.32,0.33,2.4,0.037,18,101,0.9912,3.21,0.65,11.7,7,white
7,0.54,0,2.1,0.079,39,55,0.9956,3.39,0.84,11.4,6,red
6.7,0.48,0.49,2.9,0.03,28,122,0.98926,3.13,0.4,13,6,white
6.4,0.29,0.2,15.6,0.04,20,142,0.9962,3.1,0.54,10.6,5,white
7.3,0.34,0.21,3.2,0.05,14,136,0.9936,3.25,0.44,10.2,5,white
6.2,0.32,0.32,2.2,0.036,15,70,0.9899,3.16,0.48,12.7,6,white
13.3,0.29,0.75,2.8,0.084,23,43,0.9986,3.04,0.68,11.4,7,red
9.2,0.27,0.34,10.5,0.043,49,228,0.9974,3.04,0.41,10.4,6,white
8.1,0.56,0.28,1.7,0.368,16,56,0.9968,3.11,1.28,9.3,5,red
6.3,0.51,0.13,2.3,0.076,29,40,0.99574,3.42,0.75,11,6,red
6.1,0.36,0.27,2.1,0.035,16,100,0.9917,3.4,0.71,11.5,7,white
6.9,0.18,0.36,1.3,0.036,40,117,0.9934,3.27,0.95,9.5,7,white
8.5,0.15,0.49,1.5,0.031,17,122,0.9932,3.03,0.4,10.3,6,white
7.6,0.33,0.41,13.7,0.045,44,197,0.9989,3.18,0.64,9.1,5,white
7.5,0.41,0.15,3.7,0.104,29,94,0.99786,3.14,0.58,9.1,5,red
6.2,0.3,0.26,13.4,0.046,57,206,0.99775,3.17,0.43,9.5,6,white
7.4,0.2,0.36,1.2,0.038,44,111,0.9926,3.36,0.34,9.9,6,white
7,0.31,0.31,9.1,0.036,45,140,0.99216,2.98,0.31,12,7,white
8.7,0.29,0.52,1.6,0.113,12,37,0.9969,3.25,0.58,9.5,5,red
7,0.24,0.24,1.8,0.047,29,91,0.99251,3.3,0.43,9.9,6,white
7.4,0.22,0.27,1.6,0.057,45,98,0.99299,3.29,0.44,9.9,7,white
6.8,0.53,0.35,3.8,0.034,26,109,0.9906,3.26,0.57,12.7,8,white
7,0.56,0.17,1.7,0.065,15,24,0.99514,3.44,0.68,10.55,7,red
8.1,0.24,0.38,4.3,0.044,49,172,0.996,3.37,0.74,10.8,6,white
6.8,0.23,0.31,2.8,0.047,40,122,0.99126,3.06,0.64,10.9,7,white
7.1,0.21,0.3,1.4,0.037,45,143,0.9932,3.13,0.33,9.9,6,white
6.8,0.22,0.24,4.9,0.092,30,123,0.9951,3.03,0.46,8.6,6,white
8.2,0.885,0.2,1.4,0.086,7,31,0.9946,3.11,0.46,10,5,red
5,0.42,0.24,2,0.06,19,50,0.9917,3.72,0.74,14,8,red
7.1,0.38,0.4,2.2,0.042,54,201,0.99177,3.03,0.5,11.4,5,white
7.3,0.13,0.32,14.4,0.051,34,109,0.9974,3.2,0.35,9.2,6,white
8.7,0.31,0.73,14.35,0.044,27,191,1.00013,2.96,0.88,8.7,5,white
6.4,0.28,0.44,7.1,0.048,49,179,0.99528,3.15,0.48,9.2,5,white
7.4,0.16,0.3,13.7,0.056,33,168,0.99825,2.9,0.44,8.7,7,white
7.9,0.16,0.3,4.8,0.037,37,171,0.9967,3.47,0.44,9,4,white
6.2,0.25,0.31,3.2,0.03,32,150,0.99014,3.18,0.31,12,6,white
7.2,0.15,0.33,1.1,0.027,16,63,0.9937,3.37,0.4,9.9,5,white
7.2,0.34,0.3,8.4,0.051,40,167,0.99756,3.48,0.62,9.7,5,white
7.2,0.39,0.63,11,0.044,55,156,0.9974,3.09,0.44,8.7,6,white
6.9,0.33,0.28,1.3,0.051,37,187,0.9927,3.27,0.6,10.3,5,white
7.6,0.32,0.58,16.75,0.05,43,163,0.9999,3.15,0.54,9.2,5,white
6.6,0.23,0.26,1.3,0.045,16,128,0.9934,3.36,0.6,10,6,white
8.5,0.19,0.49,3.5,0.044,29,117,0.9938,3.14,0.51,10.1,6,white
7.4,0.26,0.43,6,0.022,22,125,0.9928,3.13,0.55,11.5,6,white
6.7,0.19,0.39,1,0.032,14,71,0.98912,3.31,0.38,13,7,white
7.9,0.2,0.34,1.2,0.04,29,118,0.9932,3.14,0.41,10.6,6,white
6.1,0.14,0.25,1.3,0.047,37,173,0.9925,3.35,0.46,10,6,white
6.6,0.28,0.3,7.8,0.049,57,202,0.9958,3.24,0.39,9.5,5,white
7.7,0.705,0.1,2.6,0.084,9,26,0.9976,3.39,0.49,9.7,5,red
6.4,0.18,0.48,4,0.186,64,150,0.9945,3.06,0.4,9.3,5,white
6.8,0.915,0.29,4.8,0.07,15,39,0.99577,3.53,0.54,11.1,5,red
7.7,0.665,0,2.4,0.09,8,19,0.9974,3.27,0.73,9.3,5,red
6,0.28,0.27,15.5,0.036,31,134,0.99408,3.19,0.44,13,7,white
7.7,0.56,0.2,2,0.075,9,39,0.9987,3.48,0.62,9.3,5,red
7.4,0.15,0.42,1.7,0.045,49,154,0.992,3,0.6,10.4,6,white
6.1,0.715,0.1,2.6,0.053,13,27,0.99362,3.57,0.5,11.9,5,red
7.1,0.12,0.32,9.6,0.054,64,162,0.9962,3.4,0.41,9.4,5,white
7.4,0.19,0.31,14.5,0.045,39,193,0.9986,3.1,0.5,9.2,6,white
7.7,0.25,0.43,4.5,0.062,20,115,0.9966,3.38,0.5,9.9,6,white
5.8,0.27,0.26,3.5,0.071,26,69,0.98994,3.1,0.38,11.5,6,white
7.7,0.26,0.3,1.7,0.059,20,38,0.9949,3.29,0.47,10.8,6,red
6.5,0.22,0.19,4.5,0.096,16,115,0.9937,3.02,0.44,9.6,5,white
6.4,0.41,0.24,14,0.048,24,113,0.9982,3.44,0.53,9.8,6,white
6.2,0.34,0.3,11.1,0.047,28,237,0.9981,3.18,0.49,8.7,5,white
5.9,0.23,0.28,8.6,0.046,37,142,0.99432,3.23,0.53,10.6,6,white
9.3,0.31,0.49,1.3,0.042,34,147,0.9948,3.11,0.46,9.8,5,white
7.3,0.26,0.33,11.8,0.057,48,127,0.99693,3.1,0.55,10,6,white
7.8,0.19,0.32,7.4,0.015,47,124,0.99278,2.99,0.39,11,6,white
6.6,0.28,0.36,1.7,0.038,22,101,0.9912,3.29,0.57,11.6,6,white
7,0.32,0.24,6.2,0.048,31,228,0.9957,3.23,0.62,9.4,6,white
10.6,0.28,0.39,15.5,0.069,6,23,1.0026,3.12,0.66,9.2,5,red
6.3,0.6,0.44,11,0.05,50,245,0.9972,3.19,0.57,9.3,4,white
6.1,0.34,0.31,12,0.053,46,238,0.9977,3.16,0.48,8.6,5,white
8,0.77,0.32,2.1,0.079,16,74,0.99656,3.27,0.5,9.8,6,red
7.1,0.2,0.36,11.6,0.042,45,124,0.997,2.92,0.59,9.5,7,white
6.8,0.17,0.34,2,0.04,38,111,0.99,3.24,0.45,12.9,6,white
7.3,0.155,0.49,1.3,0.039,34,136,0.9926,3.14,0.77,10.5,6,white
9.9,0.54,0.45,2.3,0.071,16,40,0.9991,3.39,0.62,9.4,5,red
6.6,0.18,0.26,17.3,0.051,17,149,0.9984,3,0.43,9.4,6,white
8.3,0.18,0.3,1.1,0.033,20,57,0.99109,3.02,0.51,11,6,white
6.8,0.67,0.02,1.8,0.05,5,11,0.9962,3.48,0.52,9.5,5,red
5.7,0.4,0.35,5.1,0.026,17,113,0.99052,3.18,0.67,12.4,6,white
5.8,0.24,0.44,3.5,0.029,5,109,0.9913,3.53,0.43,11.7,3,white
7.2,0.16,0.35,1.2,0.031,27,84,0.9928,3.33,0.34,9.9,5,white
7.4,0.28,0.4,11.9,0.032,13,92,0.99629,3.01,0.46,10.8,4,white
7.7,0.3,0.23,2,0.068,28,138,0.99382,3.11,0.62,9.8,5,white
7.1,0.18,0.39,15.25,0.047,45,158,0.99946,3.34,0.77,9.1,6,white
6.5,0.315,0.2,6.6,0.041,9,126,0.99494,2.94,0.51,8.8,5,white
6.6,0.19,0.43,10.9,0.045,53,154,0.99752,3.52,0.77,10.4,6,white
6.9,0.15,0.29,2.3,0.033,14,82,0.99132,3.1,0.58,11.2,7,white
6.1,0.28,0.25,6.9,0.056,44,201,0.9955,3.19,0.4,9.1,6,white
8.2,0.42,0.49,2.6,0.084,32,55,0.9988,3.34,0.75,8.7,6,red
7,0.3,0.49,4.7,0.036,17,105,0.9916,3.26,0.68,12.4,7,white
8.7,0.23,0.32,13.4,0.044,35,169,0.99975,3.12,0.47,8.8,7,white
6.7,0.23,0.33,1.8,0.036,23,96,0.9925,3.32,0.4,10.8,6,white
6.7,0.25,0.26,13.5,0.06,50,156,0.99784,3.39,0.46,9.9,6,white
7.7,0.32,0.61,11.8,0.041,66,188,0.99794,3,0.54,9.3,5,white
6.8,0.27,0.28,13.3,0.076,50,163,0.9979,3.03,0.38,8.6,6,white
7.2,0.39,0.62,11,0.047,66,178,0.9976,3.16,0.5,8.7,5,white
5,0.3,0.33,3.7,0.03,54,173,0.9887,3.36,0.3,13,7,white
6.7,0.24,0.32,10.3,0.079,37,122,0.99662,3.02,0.45,8.8,5,white
7.2,0.4,0.24,8.5,0.055,45,151,0.99626,3.2,0.52,9.2,5,white
6.4,0.18,0.48,18,0.054,56,183,1.00038,2.98,0.61,8.5,6,white
7.4,0.19,0.3,12.8,0.053,48.5,229,0.9986,3.14,0.49,9.1,7,white
6.3,0.28,0.29,6.8,0.051,40,143,0.99374,3.43,0.59,11,6,white
5.6,0.34,0.1,1.3,0.031,20,68,0.9906,3.36,0.51,11.2,7,white
8.4,0.18,0.42,5.1,0.036,7,77,0.9939,3.16,0.52,11.7,5,white
6.2,0.34,0.29,7.6,0.047,45,232,0.9955,3.35,0.62,10,6,white
6.1,0.3,0.47,1.4,0.049,50,187,0.9927,3.19,0.45,9.5,5,white
6.7,0.13,0.29,5.3,0.051,31,122,0.9944,3.44,0.37,9.7,6,white
6.6,0.3,0.24,1.2,0.034,17,121,0.9933,3.13,0.36,9.2,5,white
5.7,0.2,0.24,13.8,0.047,44,112,0.99837,2.97,0.66,8.8,6,white
6.8,0.11,0.27,8.6,0.044,45,104,0.99454,3.2,0.37,9.9,6,white
8,0.42,0.32,2.5,0.08,26,122,0.99801,3.22,1.07,9.7,5,red
7,0.21,0.42,5.3,0.037,36,123,0.99321,3.14,0.52,10.9,6,white
7.5,0.49,0.19,1.9,0.076,10,44,0.9957,3.39,0.54,9.7,5,red
6,0.31,0.47,3.6,0.067,18,42,0.99549,3.39,0.66,11,6,red
7.2,0.23,0.39,14.2,0.058,49,192,0.9979,2.98,0.48,9,7,white
6.4,0.25,0.74,7.8,0.045,52,209,0.9956,3.21,0.42,9.2,6,white
9.8,0.66,0.39,3.2,0.083,21,59,0.9989,3.37,0.71,11.5,7,red
8,0.23,0.46,1.5,0.03,30,125,0.9907,3.23,0.47,12.5,6,white
6.6,0.31,0.28,1.4,0.035,28,107,0.98836,3,0.4,13.2,6,white
6.4,0.26,0.22,5.1,0.037,23,131,0.9944,3.29,0.32,10.1,5,white
7.9,0.21,0.39,2,0.057,21,138,0.99176,3.05,0.52,10.9,5,white
7.9,0.58,0.23,2.3,0.076,23,94,0.99686,3.21,0.58,9.5,6,red
7.3,0.735,0,2.2,0.08,18,28,0.99765,3.41,0.6,9.4,5,red
8.5,0.21,0.26,9.25,0.034,73,142,0.9945,3.05,0.37,11.4,6,white
5.6,0.28,0.27,3.9,0.043,52,158,0.99202,3.35,0.44,10.7,7,white
7.6,0.4,0.27,1.2,0.053,23,193,0.99164,3.22,0.38,11.6,5,white
8.9,0.75,0.14,2.5,0.086,9,30,0.99824,3.34,0.64,10.5,5,red
6.6,0.28,0.09,10.9,0.051,37,131,0.99566,2.93,0.62,9.5,6,white
7.1,0.2,0.31,6.85,0.053,32,211,0.99587,3.31,0.59,10.4,6,white
8.2,0.4,0.44,2.8,0.089,11,43,0.9975,3.53,0.61,10.5,6,red
5.4,0.29,0.38,1.2,0.029,31,132,0.98895,3.28,0.36,12.4,6,white
5.4,0.29,0.47,3,0.052,47,145,0.993,3.29,0.75,10,6,white
6.9,0.24,0.4,15.4,0.052,81,198,0.9986,3.2,0.69,9.4,5,white
5.4,0.59,0.07,7,0.045,36,147,0.9944,3.34,0.57,9.7,6,white
6.6,0.32,0.27,10.9,0.041,37,146,0.9963,3.24,0.47,10,5,white
7.8,0.3,0.4,1.8,0.028,23,122,0.9914,3.14,0.39,10.9,7,white
7.6,0.19,0.41,1.1,0.04,38,143,0.9907,2.92,0.42,11.4,5,white
6.4,0.13,0.28,0.9,0.045,32,87,0.99175,3.47,0.52,11.2,6,white
6.9,0.24,0.36,20.8,0.031,40,139,0.9975,3.2,0.33,11,6,white
11.9,0.58,0.58,1.9,0.071,5,18,0.998,3.09,0.63,10,6,red
6,0.28,0.29,19.3,0.051,36,174,0.99911,3.14,0.5,9,5,white
6.8,0.31,0.32,7.6,0.052,35,143,0.9959,3.14,0.38,9,5,white
7.2,0.43,0.24,6.7,0.058,40,163,0.995,3.2,0.41,9.9,5,white
6.8,0.21,0.55,14.6,0.053,34,159,0.99805,2.93,0.44,9.2,5,white
7.7,0.3,0.34,1.2,0.048,4,119,0.99084,3.18,0.34,12.1,6,white
7.7,0.29,0.48,2.3,0.049,36,178,0.9931,3.17,0.64,10.6,6,white
9.4,0.24,0.33,2.3,0.061,52,73,0.99786,3.47,0.9,10.2,6,red
7.2,0.2,0.31,10,0.054,49,165,0.997,3.4,0.42,9.9,6,white
6.8,0.22,0.41,6.7,0.034,39,116,0.99245,3.18,0.46,11.5,6,white
8.9,0.3,0.35,4.6,0.032,32,148,0.99458,3.15,0.45,11.5,7,white
9.3,0.43,0.44,1.9,0.085,9,22,0.99708,3.28,0.55,9.5,5,red
10.2,0.54,0.37,15.4,0.214,55,95,1.00369,3.18,0.77,9,6,red
6.7,0.26,0.39,1.1,0.04,45,147,0.9935,3.32,0.58,9.6,8,white
7.3,0.51,0.18,2.1,0.07,12,28,0.99768,3.52,0.73,9.5,6,red
5.8,0.33,0.23,5,0.053,29,106,0.99458,3.13,0.52,9,5,white
7.1,0.38,0.42,11.8,0.041,32,193,0.99624,3.04,0.49,10,6,white
6.8,0.64,0.08,9.7,0.062,26,142,0.9972,3.37,0.46,8.9,4,white
7.3,0.58,0.3,2.4,0.074,15,55,0.9968,3.46,0.59,10.2,5,red
6.6,0.22,0.37,15.4,0.035,62,153,0.99845,3.02,0.4,9.3,5,white
4.8,0.34,0,6.5,0.028,33,163,0.9939,3.36,0.61,9.9,6,white
6.4,0.23,0.26,8.1,0.054,47,181,0.9954,3.12,0.49,9.4,5,white
6.7,0.3,0.44,18.75,0.057,65,224,0.99956,3.11,0.53,9.1,5,white
6.7,0.18,0.3,6.4,0.048,40,251,0.9956,3.29,0.52,10,5,white
6.8,0.28,0.44,11.5,0.04,58,223,0.9969,3.22,0.56,9.5,5,white
8.5,0.25,0.31,2.8,0.032,11,61,0.99189,3.06,0.44,11.5,6,white
6.4,0.475,0.06,1,0.03,9,131,0.9904,2.97,0.29,10.8,5,white
5.8,0.13,0.26,5.1,0.039,19,103,0.99478,3.36,0.47,9.3,6,white
6.1,0.22,0.49,1.5,0.051,18,87,0.9928,3.3,0.46,9.6,5,white
6,0.16,0.3,6.7,0.043,43,153,0.9951,3.63,0.46,10.6,5,white
6.6,0.32,0.24,1.3,0.06,42.5,204,0.99512,3.59,0.51,9.2,5,white
6,0.17,0.29,5,0.028,25,108,0.99076,3.14,0.34,12.3,6,white
7.1,0.21,0.33,1.2,0.039,34,97,0.99112,3.11,0.75,11.2,6,white
7.6,0.31,0.23,12.7,0.054,20,139,0.99836,3.16,0.5,9.7,4,white
8.4,0.6,0.1,2.2,0.085,14,111,0.9964,3.15,0.66,9.8,5,red
7.4,0.36,0.32,1.9,0.036,27,119,0.99196,3.15,0.49,11.2,6,white
6.8,0.2,0.27,1.2,0.034,19,68,0.9902,3.14,0.37,11.7,4,white
6.5,0.18,0.34,1.6,0.04,43,148,0.9912,3.32,0.59,11.5,8,white
7.3,0.3,0.22,6.4,0.056,44,168,0.9947,3.13,0.35,10.1,6,white
7,0.65,0.02,2.1,0.066,8,25,0.9972,3.47,0.67,9.5,6,red
7.4,0.53,0.12,1.9,0.165,4,12,0.99702,3.26,0.86,9.2,5,red
6.9,0.28,0.37,9.1,0.037,16,76,0.9948,3.05,0.54,11.1,5,white
6.7,0.15,0.32,7.9,0.034,17,81,0.99512,3.29,0.31,10,6,white
8.1,0.2,0.3,1.3,0.036,7,49,0.99242,2.99,0.73,10.3,5,white
6.1,0.17,0.42,15.1,0.033,28,124,0.99684,2.87,0.47,9.5,5,white
7.4,0.36,0.3,1.8,0.074,17,24,0.99419,3.24,0.7,11.4,8,red
7.6,0.79,0.21,2.3,0.087,21,68,0.9955,3.12,0.44,9.2,5,red
8,0.43,0.4,12.4,0.168,29,190,0.9991,3.07,0.64,9.2,5,white
8.3,0.21,0.58,17.1,0.049,62,213,1.0006,3.01,0.51,9.3,6,white
5.3,0.31,0.38,10.5,0.031,53,140,0.99321,3.34,0.46,11.7,6,white
6,0.28,0.35,1.9,0.037,16,120,0.9933,3.16,0.69,10.6,5,white
6.8,0.15,0.32,8.8,0.058,24,110,0.9972,3.4,0.4,8.8,6,white
7.9,0.17,0.32,1.6,0.053,47,150,0.9948,3.29,0.76,9.6,6,white
5.8,0.19,0.33,4.2,0.038,49,133,0.99107,3.16,0.42,11.3,7,white
7,0.21,0.28,8.6,0.045,37,221,0.9954,3.25,0.54,10.4,6,white
6.8,0.24,0.34,2.7,0.047,64.5,218.5,0.9934,3.3,0.58,9.7,6,white
5.6,0.23,0.29,3.1,0.023,19,89,0.99068,3.25,0.51,11.2,6,white
6.6,0.31,0.07,1.5,0.033,55,144,0.99208,3.16,0.42,10,5,white
6.7,0.37,0.25,2.5,0.028,24,84,0.9909,3.14,0.36,11.7,6,white
7.4,0.18,0.36,13.1,0.056,72,163,1,3.42,0.35,9.1,6,white
6.8,0.56,0.22,1.8,0.074,15,24,0.99438,3.4,0.82,11.2,6,red
6.8,0.23,0.3,1.7,0.043,19,95,0.99207,3.17,0.46,10.7,7,white
9.5,0.37,0.52,2,0.082,6,26,0.998,3.18,0.51,9.5,5,red
6.5,0.43,0.28,11.25,0.032,31,87,0.9922,3.02,0.38,12.4,6,white
8.5,0.46,0.59,1.4,0.414,16,45,0.99702,3.03,1.34,9.2,5,red
7.2,0.29,0.4,7.6,0.024,56,177,0.9928,3.04,0.32,11.5,6,white
6.8,0.27,0.22,17.8,0.034,16,116,0.9989,3.07,0.53,9.2,5,white
6.6,0.24,0.22,12.3,0.051,35,146,0.99676,3.1,0.67,9.4,5,white
7.2,0.23,0.32,8.5,0.058,47,186,0.9956,3.19,0.4,9.9,6,white
5.6,0.18,0.29,2.3,0.04,5,47,0.99126,3.07,0.45,10.1,4,white
8.5,0.34,0.44,1.7,0.079,6,12,0.99605,3.52,0.63,10.7,5,red
6.4,0.28,0.44,7.1,0.048,49,179,0.99528,3.15,0.48,9.2,5,white
6.2,0.27,0.32,8.8,0.047,65,224,0.9961,3.17,0.47,8.9,5,white
8.6,0.55,0.35,15.55,0.057,35.5,366.5,1.0001,3.04,0.63,11,3,white
6.2,0.785,0,2.1,0.06,6,13,0.99664,3.59,0.61,10,4,red
8,0.17,0.29,2.4,0.029,52,119,0.98944,3.03,0.33,12.9,6,white
6.2,0.35,0.29,3.9,0.041,22,79,0.99005,3.1,0.59,12.06666667,6,white
7.7,0.46,0.18,3.3,0.054,18,143,0.99392,3.12,0.51,10.8,6,white
6.5,0.5,0.22,4.1,0.036,35,131,0.9902,3.26,0.55,13,7,white
7.5,0.29,0.67,8.1,0.037,53,166,0.9966,2.9,0.41,8.9,6,white
8,0.2,0.36,1.2,0.032,21,78,0.9921,3.08,0.37,10.4,6,white
6.9,0.19,0.31,19.25,0.043,38,167,0.99954,2.93,0.52,9.1,7,white
10,0.32,0.59,2.2,0.077,3,15,0.9994,3.2,0.78,9.6,5,red
5.2,0.37,0.33,1.2,0.028,13,81,0.9902,3.37,0.38,11.7,6,white
9.8,0.45,0.38,2.5,0.081,34,66,0.99726,3.15,0.58,9.8,5,red
13,0.32,0.65,2.6,0.093,15,47,0.9996,3.05,0.61,10.6,5,red
6.4,0.24,0.29,1,0.038,18,122,0.9906,3.3,0.42,11.5,5,white
5.7,0.24,0.3,1.3,0.03,25,98,0.98968,3.37,0.43,12.4,7,white
7.9,0.46,0.4,10.1,0.168,19,184,0.99782,3.06,0.62,9.5,5,white
6.4,0.475,0.06,1,0.03,9,131,0.9904,2.97,0.29,10.8,5,white
7.9,0.28,0.32,3.6,0.038,9,76,0.992,3.05,0.31,11.7,4,white
7,0.36,0.3,5,0.04,40,143,0.99173,3.33,0.42,12.2,7,white
5.8,0.415,0.13,1.4,0.04,11,64,0.9922,3.29,0.52,10.5,5,white
6.5,0.15,0.44,12.6,0.052,65,158,0.99688,3.26,0.7,10.3,7,white
6,0.32,0.3,1.9,0.033,41,142,0.98912,3.29,0.42,12.8,7,white
9.8,0.36,0.45,1.6,0.042,11,124,0.9944,2.93,0.46,10.8,5,white
6.6,0.26,0.46,6.9,0.047,59,183,0.99594,3.2,0.45,9.3,5,white
6.5,0.29,0.3,9.15,0.051,25,166,0.99339,3.24,0.56,11.35,6,white
9.2,0.71,0.23,6.2,0.042,15,93,0.9948,2.89,0.34,10.1,6,white
7.1,0.23,0.28,1.9,0.046,33,103,0.98997,3.12,0.31,12,5,white
6.4,0.32,0.26,7.9,0.05,53,180,0.99514,3.14,0.5,9.6,5,white
6,0.24,0.33,2.5,0.026,31,85,0.99014,3.13,0.5,11.3,7,white
11.3,0.37,0.41,2.3,0.088,6,16,0.9988,3.09,0.8,9.3,5,red
6.6,0.27,0.3,1.9,0.025,14,153,0.9928,3.29,0.62,10.5,6,white
6.6,0.25,0.36,8.1,0.045,54,180,0.9958,3.08,0.42,9.2,5,white
7.6,0.36,0.49,11.3,0.046,87,221,0.9984,3.01,0.43,9.2,5,white
8.2,0.21,0.32,10.65,0.053,53,145,0.9972,3.17,0.48,10.2,6,white
6.1,0.25,0.24,12.1,0.046,51,172,0.998,3.35,0.45,9.5,5,white
10.6,0.36,0.59,2.2,0.152,6,18,0.9986,3.04,1.05,9.4,5,red
8.7,0.69,0.31,3,0.086,23,81,1.0002,3.48,0.74,11.6,6,red
7.2,0.835,0,2,0.166,4,11,0.99608,3.39,0.52,10,5,red
5.8,0.36,0.32,1.7,0.033,22,96,0.9898,3.03,0.38,11.2,6,white
7.7,0.41,0.76,1.8,0.611,8,45,0.9968,3.06,1.26,9.4,5,red
7.4,0.34,0.42,1.1,0.033,17,171,0.9917,3.12,0.53,11.3,6,white
5.8,0.31,0.32,4.5,0.024,28,94,0.98906,3.25,0.52,13.7,7,white
5.8,0.315,0.19,19.4,0.031,28,106,0.99704,2.97,0.4,10.55,6,white
6.9,0.36,0.28,13.55,0.048,51,189,0.99782,3,0.6,9.5,7,white
8.1,0.27,0.41,1.45,0.033,11,63,0.9908,2.99,0.56,12,5,white
7.5,0.52,0.4,2.2,0.06,12,20,0.99474,3.26,0.64,11.8,6,red
7,0.21,0.31,6,0.046,29,108,0.9939,3.26,0.5,10.8,6,white
7.1,0.18,0.39,14.5,0.051,48,156,0.99947,3.35,0.78,9.1,5,white
8.8,0.37,0.48,2.1,0.097,39,145,0.9975,3.04,1.03,9.3,5,red
5.3,0.3,0.16,4.2,0.029,37,100,0.9905,3.3,0.36,11.8,8,white
7,0.19,0.33,6.3,0.032,42,127,0.99182,3.31,0.38,12.2,6,white
5.6,0.35,0.4,6.3,0.022,23,174,0.9922,3.54,0.5,11.6,7,white
6.9,0.22,0.32,9.3,0.04,22,110,0.9958,3.34,0.54,10.7,7,white
5.7,0.27,0.16,9,0.053,32,111,0.99474,3.36,0.37,10.4,6,white
6.8,0.59,0.1,1.7,0.063,34,53,0.9958,3.41,0.67,9.7,5,red
5.7,0.25,0.27,11.5,0.04,24,120,0.99411,3.33,0.31,10.8,6,white
8.8,0.61,0.19,4,0.094,30,69,0.99787,3.22,0.5,10,6,red
7.5,0.42,0.2,1.4,0.06,15,168,0.9944,3.06,0.4,9.4,6,white
6.5,0.43,0.18,13.15,0.032,25,131,0.99565,3.23,0.51,10.7,5,white
10.5,0.59,0.49,2.1,0.07,14,47,0.9991,3.3,0.56,9.6,4,red
7.2,0.25,0.28,14.4,0.055,55,205,0.9986,3.12,0.38,9,7,white
7.7,0.23,0.31,10.7,0.038,59,186,0.9969,3.12,0.55,9.5,6,white
8.2,0.44,0.24,2.3,0.063,10,28,0.99613,3.25,0.53,10.2,6,red
6.5,0.32,0.23,8.5,0.051,20,138,0.9943,3.03,0.42,10.7,5,white
6,0.35,0.46,0.9,0.033,9,65,0.98934,3.24,0.35,12.1,4,white
6.5,0.32,0.45,7.7,0.022,31,97,0.99134,3.2,0.7,12.7,7,white
6.6,0.58,0.02,2,0.062,37,53,0.99374,3.35,0.76,11.6,7,red
7,0.35,0.17,1.1,0.049,7,119,0.99297,3.13,0.36,9.7,6,white
8.2,0.23,0.49,0.9,0.057,15,73,0.9928,3.07,0.38,10.4,6,white
8.4,0.2,0.38,11.8,0.055,51,170,1.0004,3.34,0.82,8.9,6,white
5.9,0.415,0.13,1.4,0.04,11,64,0.9922,3.29,0.52,10.5,5,white
8.2,0.35,0.4,6.3,0.039,35,162,0.9936,3.15,0.34,11.9,7,white
6.7,0.24,0.29,6.8,0.038,54,127,0.9932,3.33,0.46,11.6,7,white
6.7,0.28,0.34,8.9,0.048,32,111,0.99455,3.25,0.54,11,7,white
7.2,0.36,0.46,2.1,0.074,24,44,0.99534,3.4,0.85,11,7,red
6.9,0.19,0.33,1.6,0.043,63,149,0.9925,3.44,0.52,10.8,5,white
6.9,0.34,0.36,1.4,0.032,13,145,0.99214,3.07,0.52,9.8,5,white
9.3,0.33,0.45,1.5,0.057,19,37,0.99498,3.18,0.89,11.1,7,red
8.8,0.33,0.44,6.35,0.024,9,87,0.9917,2.96,0.4,12.6,7,white
8.5,0.655,0.49,6.1,0.122,34,151,1.001,3.31,1.14,9.3,5,red
6,0.26,0.29,1,0.032,27,96,0.9896,3.38,0.44,12.3,6,white
7,0.31,0.35,1.6,0.063,13,119,0.99184,3.22,0.5,10.7,5,white
8,0.22,0.28,14,0.053,83,197,0.9981,3.14,0.45,9.8,6,white
7.8,0.5,0.3,1.9,0.075,8,22,0.9959,3.31,0.56,10.4,6,red
5.3,0.47,0.11,2.2,0.048,16,89,0.99182,3.54,0.88,13.6,7,red
5.2,0.34,0,1.8,0.05,27,63,0.9916,3.68,0.79,14,6,red
7.1,0.43,0.61,11.8,0.045,54,155,0.9974,3.11,0.45,8.7,5,white
6.8,0.32,0.21,2.2,0.044,15,68,0.9932,3.17,0.39,9.4,6,white
6.6,0.23,0.32,1.5,0.041,8,72,0.98949,3.22,0.39,12.7,6,white
6.4,0.5,0.16,12.9,0.042,26,138,0.9974,3.28,0.33,9,5,white
7.5,0.64,0,2.4,0.077,18,29,0.9965,3.32,0.6,10,6,red
6.8,0.19,0.33,4.9,0.047,42,130,0.99283,3.12,0.56,11,6,white
7.9,0.16,0.74,17.85,0.037,52,187,0.9998,2.99,0.41,9.3,5,white
10.4,0.575,0.61,2.6,0.076,11,24,1,3.16,0.69,9,5,red
8.5,0.47,0.27,1.9,0.058,18,38,0.99518,3.16,0.85,11.1,6,red
7.9,0.5,0.33,2,0.084,15,143,0.9968,3.2,0.55,9.5,5,red
7.6,0.16,0.44,1.4,0.043,25,109,0.9932,3.11,0.75,10.3,6,white
6.6,0.34,0.28,1.3,0.035,32,90,0.9916,3.1,0.42,10.7,6,white
13.2,0.46,0.52,2.2,0.071,12,35,1.0006,3.1,0.56,9,6,red
6.4,0.22,0.32,4.9,0.046,50,156,0.99316,3.38,0.55,11.2,6,white
6.3,0.13,0.42,1.1,0.043,63,146,0.99066,3.13,0.72,11.2,7,white
7.6,0.51,0.15,2.8,0.11,33,73,0.9955,3.17,0.63,10.2,6,red
6.3,0.26,0.49,1.5,0.052,34,134,0.9924,2.99,0.61,9.8,6,white
8.1,0.545,0.18,1.9,0.08,13,35,0.9972,3.3,0.59,9,6,red
6.2,0.26,0.19,3.4,0.049,47,172,0.9924,3.14,0.43,10.4,6,white
7.1,0.2,0.37,1.5,0.049,28,129,0.99226,3.15,0.52,10.8,5,white
6.2,0.16,0.54,1.4,0.126,37,110,0.9932,3.23,0.37,8.9,6,white
7.1,0.22,0.74,2.7,0.044,42,144,0.991,3.31,0.41,12.2,6,white
7.1,0.29,0.34,7.8,0.036,49,128,0.99397,3.21,0.4,10.7,6,white
6.9,0.17,0.25,1.6,0.047,34,132,0.9914,3.16,0.48,11.4,5,white
8.5,0.44,0.5,1.9,0.369,15,38,0.99634,3.01,1.1,9.4,5,red
6.8,0.25,0.18,1.4,0.056,13,137,0.9935,3.11,0.42,9.5,5,white
6.7,0.2,0.42,14,0.038,83,160,0.9987,3.16,0.5,9.4,6,white
6.3,0.37,0.28,6.3,0.034,45,152,0.9921,3.29,0.46,11.6,7,white
5.7,0.36,0.34,4.2,0.026,21,77,0.9907,3.41,0.45,11.9,6,white
6.8,0.32,0.43,1.6,0.05,4,65,0.99346,3.27,0.47,10.7,5,white
8.3,0.65,0.1,2.9,0.089,17,40,0.99803,3.29,0.55,9.5,5,red
7.1,0.27,0.31,18.2,0.046,55,252,1,3.07,0.56,8.7,5,white
10.2,0.36,0.64,2.9,0.122,10,41,0.998,3.23,0.66,12.5,6,red
7.4,0.29,0.48,12.8,0.037,61.5,182,0.99808,3.02,0.34,8.8,5,white
8.5,0.21,0.41,4.3,0.036,24,99,0.9947,3.18,0.53,9.7,6,white
6.5,0.24,0.24,1.6,0.046,15,60,0.9928,3.19,0.39,9.8,5,white
10.2,0.24,0.49,2.4,0.075,10,28,0.9978,3.14,0.61,10.4,5,red
6.5,0.25,0.27,15.2,0.049,75,217,0.9972,3.19,0.39,9.9,5,white
7,0.53,0.02,1,0.036,39,107,0.993,3.2,0.32,9,5,white
6.5,0.34,0.46,1,0.023,6,80,0.98865,3.15,0.54,12.9,6,white
6.8,0.18,0.37,1.5,0.027,37,93,0.992,3.3,0.45,10.8,6,white
11.9,0.37,0.69,2.3,0.078,12,24,0.9958,3,0.65,12.8,6,red
6.6,0.17,0.38,1.5,0.032,28,112,0.9914,3.25,0.55,11.4,7,white
6.9,0.22,0.37,15,0.053,59,178,0.9992,3.37,0.82,9.5,7,white
5.2,0.645,0,2.15,0.08,15,28,0.99444,3.78,0.61,12.5,6,red
5.8,0.39,0.47,7.5,0.027,12,88,0.9907,3.38,0.45,14,6,white
6.9,0.37,0.23,9.5,0.057,54,166,0.99568,3.23,0.42,10,5,white
9.8,0.31,0.49,15.4,0.046,13,119,1.0004,3.18,0.45,9.5,5,white
7.4,0.68,0.16,1.8,0.078,12,39,0.9977,3.5,0.7,9.9,6,red
7.6,0.62,0.32,2.2,0.082,7,54,0.9966,3.36,0.52,9.4,5,red
6,0.21,0.34,2,0.042,63,123,0.99052,3.44,0.42,11.4,6,white
11.6,0.41,0.54,1.5,0.095,22,41,0.99735,3.02,0.76,9.9,7,red
6.5,0.28,0.27,5.2,0.04,44,179,0.9948,3.19,0.69,9.4,6,white
8.3,0.6,0.13,2.6,0.085,6,24,0.9984,3.31,0.59,9.2,6,red
7.7,0.27,0.61,12,0.046,64,179,0.9982,3.07,0.46,8.9,5,white
7.7,0.715,0.01,2.1,0.064,31,43,0.99371,3.41,0.57,11.8,6,red
7,0.21,0.37,7.2,0.042,36,167,0.9958,3.26,0.56,9.8,6,white
6.8,0.28,0.43,7.6,0.03,30,110,0.99164,3.08,0.59,12.5,8,white
6.3,0.29,0.4,6.5,0.039,43,167,0.9953,3.15,0.44,9.3,6,white
7.3,0.22,0.49,9.4,0.034,29,134,0.9939,2.99,0.32,11,7,white
6.4,0.23,0.37,7.9,0.05,60,150,0.99488,2.86,0.49,9.3,6,white
8.8,0.3,0.38,2.3,0.06,19,72,0.99543,3.39,0.72,11.8,6,red
5.6,0.49,0.13,4.5,0.039,17,116,0.9907,3.42,0.9,13.7,7,white
10.2,0.67,0.39,1.9,0.054,6,17,0.9976,3.17,0.47,10,5,red
6,0.34,0.29,6.1,0.046,29,134,0.99462,3.48,0.57,10.7,6,white
6.9,0.28,0.22,10,0.052,36,131,0.99696,3.08,0.46,9.6,5,white
7.8,0.19,0.26,8.9,0.039,42,182,0.996,3.18,0.46,9.9,6,white
7.6,0.31,0.34,2.5,0.082,26,35,0.99356,3.22,0.59,12.5,7,red
6.9,0.24,0.23,7.1,0.041,20,97,0.99246,3.1,0.85,11.4,6,white
7.4,0.16,0.27,15.5,0.05,25,135,0.9984,2.9,0.43,8.7,7,white
7.5,0.23,0.32,9.2,0.038,54,191,0.9966,3.04,0.56,9.7,6,white
6.4,0.31,0.4,6.4,0.039,39,191,0.99513,3.14,0.52,9.8,5,white
7,0.29,0.33,0.9,0.041,20,117,0.99048,3.21,0.5,11.4,5,white
6,0.22,0.28,1.1,0.034,47,90,0.98862,3.22,0.38,12.6,6,white
7.2,0.28,0.38,2,0.052,23,156,0.9912,3.13,0.52,11.1,5,white
9.1,0.66,0.15,3.2,0.097,9,59,0.99976,3.28,0.54,9.6,5,red
9.8,1.24,0.34,2,0.079,32,151,0.998,3.15,0.53,9.5,5,red
7.2,0.31,0.35,7.2,0.046,45,178,0.9955,3.14,0.53,9.7,5,white
7.1,0.755,0.15,1.8,0.107,20,84,0.99593,3.19,0.5,9.5,5,red
6.9,0.32,0.13,7.8,0.042,11,117,0.996,3.23,0.37,9.2,5,white
6.8,0.69,0,5.6,0.124,21,58,0.9997,3.46,0.72,10.2,5,red
7.7,0.34,0.58,11.1,0.039,41,151,0.9978,3.06,0.49,8.6,5,white
7.8,0.3,0.36,4.6,0.024,20,198,0.99222,3.06,0.66,11.9,6,white
6.8,0.19,0.36,1.9,0.035,30,96,0.9917,3.15,0.54,10.8,7,white
7.1,0.28,0.19,7.8,0.04,48,184,0.99579,3.16,0.5,9.4,5,white
8.2,0.15,0.48,2.7,0.052,24,190,0.995,3.5,0.45,10.9,7,white
8.1,0.575,0.22,2.1,0.077,12,65,0.9967,3.29,0.51,9.2,5,red
7.4,0.67,0.12,1.6,0.186,5,21,0.996,3.39,0.54,9.5,5,red
7,0.15,0.38,2.2,0.047,33,96,0.9928,3.13,0.39,10.4,8,white
6.8,0.26,0.42,1.7,0.049,41,122,0.993,3.47,0.48,10.5,8,white
7.5,0.34,0.28,4,0.028,46,100,0.98958,3.2,0.5,13.2,7,white
9.6,0.33,0.52,2.2,0.074,13,25,0.99509,3.36,0.76,12.4,7,red
6.2,0.32,0.5,6.5,0.048,61,186,0.9948,3.19,0.45,9.6,5,white
7.6,0.27,0.29,2.5,0.059,37,115,0.99328,3.09,0.37,9.8,5,white
7.5,0.35,0.28,9.6,0.051,26,157,0.9969,3.12,0.53,9.2,6,white
7.4,0.2,0.29,1.7,0.047,16,100,0.99243,3.28,0.45,10.6,6,white
6.1,0.25,0.48,15.8,0.052,25,94,0.99782,3.07,0.45,9.2,6,white
5.7,0.265,0.28,6.9,0.036,46,150,0.99299,3.36,0.44,10.8,7,white
8,0.81,0.25,3.4,0.076,34,85,0.99668,3.19,0.42,9.2,5,red
6.7,0.3,0.44,18.5,0.057,65,224,0.99956,3.11,0.53,9.1,5,white
7.1,0.33,0.25,1.6,0.03,25,126,0.9901,3.22,0.34,12.1,7,white
6.9,0.37,0.23,9.5,0.057,54,166,0.99568,3.23,0.42,10,5,white
7.5,0.305,0.38,1.4,0.047,30,95,0.99158,3.22,0.52,11.5,7,white
6.4,0.42,0.74,12.8,0.076,48,209,0.9978,3.12,0.58,9,6,white
6.3,0.51,0.13,2.3,0.076,29,40,0.99574,3.42,0.75,11,6,red
7.3,0.4,0.24,6.7,0.058,41,166,0.995,3.2,0.41,9.9,6,white
6.9,0.19,0.35,1.7,0.036,33,101,0.99315,3.21,0.54,10.8,7,white
6.8,0.18,0.28,8.7,0.047,52,242,0.9952,3.22,0.53,10.5,6,white
7.7,0.28,0.35,15.3,0.056,31,117,0.9998,3.27,0.5,9.6,5,white
6.8,0.32,0.34,6,0.05,5,129,0.9953,3.19,0.4,9.1,5,white
5.9,0.42,0.36,2.4,0.034,19,77,0.99184,3.25,0.48,10.9,5,white
7.1,0.32,0.24,13.1,0.05,52,204,0.998,3.1,0.49,8.8,5,white
8.9,0.33,0.32,1.5,0.047,11,200,0.9954,3.19,0.46,9.4,5,white
6.9,0.49,0.19,1.7,0.079,13,26,0.99547,3.38,0.64,9.8,6,red
7.5,0.705,0.24,1.8,0.36,15,63,0.9964,3,1.59,9.5,5,red
9.8,0.39,0.43,1.65,0.068,5,11,0.99478,3.19,0.46,11.4,5,red
7.1,0.13,0.4,1.2,0.047,54,134,0.9932,3.3,0.97,9.8,7,white
6.3,0.31,0.3,10,0.046,49,212,0.9962,3.74,0.55,11.9,6,white
7.5,0.6,0.03,1.8,0.095,25,99,0.995,3.35,0.54,10.1,5,red
7.1,0.44,0.62,11.8,0.044,52,152,0.9975,3.12,0.46,8.7,6,white
6.6,0.26,0.28,9.4,0.028,13,121,0.99254,3.17,0.34,12.1,6,white
6.6,0.41,0.16,1.4,0.037,28,160,0.99167,2.95,0.45,10.6,6,white
6.4,0.18,0.35,1,0.045,39,108,0.9911,3.31,0.35,10.9,6,white
6.9,0.15,0.28,4.4,0.029,14,107,0.99347,3.24,0.46,10.4,8,white
7,0.29,0.26,1.6,0.044,12,87,0.9923,3.08,0.46,10.5,6,white
6.8,0.25,0.24,4.55,0.053,41,211,0.9955,3.37,0.67,9.5,6,white
8.1,0.33,0.36,7.4,0.037,36,156,0.99592,3.19,0.54,10.6,6,white
5.8,0.61,0.01,8.4,0.041,31,104,0.9909,3.26,0.72,14.05,7,white
7.1,0.18,0.26,1.3,0.041,20,71,0.9926,3.04,0.74,9.9,6,white
6.9,0.24,0.39,1.3,0.063,18,136,0.9928,3.31,0.48,10.4,7,white
5.9,0.21,0.31,1.8,0.033,45,142,0.98984,3.35,0.5,12.7,6,white
6,0.41,0.05,1.5,0.063,17,120,0.9932,3.21,0.56,9.2,6,white
7.4,0.28,0.49,1.5,0.034,20,126,0.9918,2.98,0.39,10.6,6,white
7.2,0.27,0.37,5.4,0.026,27,114,0.99174,3.13,0.84,12.7,5,white
8.7,0.31,0.73,14.35,0.044,27,191,1.00013,2.96,0.88,8.7,5,white
6.6,0.16,0.36,1.1,0.031,27,93,0.98884,3.23,0.34,13.2,8,white
9.5,0.59,0.44,2.3,0.071,21,68,0.9992,3.46,0.63,9.5,5,red
6.9,0.13,0.28,13.3,0.05,47,132,0.99655,3.34,0.42,10.1,6,white
6.4,0.14,0.28,7.9,0.057,21,82,0.99425,3.26,0.36,10,6,white
7.2,0.21,0.41,1.3,0.036,33,85,0.992,3.17,0.51,10.4,5,white
7.5,0.18,0.31,6.5,0.029,53,160,0.99276,3.03,0.38,10.9,6,white
7.4,0.16,0.3,13.7,0.056,33,168,0.99825,2.9,0.44,8.7,7,white
7.6,0.18,0.36,2.4,0.049,38,123,0.996,3.6,0.46,10.3,5,white
8.6,0.47,0.3,3,0.076,30,135,0.9976,3.3,0.53,9.4,5,red
7.8,0.2,0.2,1.4,0.036,25,83,0.99088,3.03,0.46,11.7,6,white
6,0.29,0.25,1.4,0.033,30,114,0.98794,3.08,0.43,13.2,6,white
6,0.58,0.2,2.4,0.075,15,50,0.99467,3.58,0.67,12.5,6,red
7.5,0.42,0.45,9.1,0.029,20,125,0.996,3.12,0.36,10.1,6,white
6.2,0.24,0.27,16.8,0.04,48,129,0.99691,3.23,0.38,10.5,6,white
7.6,0.78,0,1.7,0.076,33,45,0.99612,3.31,0.62,10.7,6,red
6.5,0.21,0.37,2.5,0.048,70,138,0.9917,3.33,0.75,11.4,7,white
12.6,0.31,0.72,2.2,0.072,6,29,0.9987,2.88,0.82,9.8,8,red
8.2,0.52,0.34,1.2,0.042,18,167,0.99366,3.24,0.39,10.6,5,white
7.9,0.28,0.49,7.7,0.045,48,195,0.9954,3.04,0.55,11,6,white
6.4,0.34,0.2,14.9,0.06,37,162,0.9983,3.13,0.45,9,4,white
5.8,0.34,0.16,7,0.037,26,116,0.9949,3.46,0.45,10,7,white
7,0.4,0.32,3.6,0.061,9,29,0.99416,3.28,0.49,11.3,7,red
9.6,0.38,0.42,1.9,0.071,5,13,0.99659,3.15,0.75,10.5,6,red
6.7,0.31,0.3,2.4,0.038,30,83,0.98867,3.09,0.36,12.8,7,white
6.4,0.35,0.2,5.7,0.034,18,117,0.9944,3.33,0.43,10.1,5,white
6,0.26,0.42,5.2,0.027,70,178,0.9914,3.4,0.4,12.3,8,white
6.1,0.33,0.32,7.8,0.052,52,183,0.99657,3.39,0.65,9.5,5,white
6.7,0.39,0.24,2.7,0.017,22,80,0.99084,3.03,0.37,11.5,5,white
6.4,0.39,0.21,1.2,0.041,35,136,0.99225,3.15,0.46,10.2,5,white
6.5,0.28,0.26,8.8,0.04,44,139,0.9956,3.32,0.37,10.2,6,white
11.6,0.41,0.58,2.8,0.096,25,101,1.00024,3.13,0.53,10,5,red
8.8,0.61,0.3,2.8,0.088,17,46,0.9976,3.26,0.51,9.3,4,red
6.2,0.43,0.22,1.8,0.078,21,56,0.99633,3.52,0.6,9.5,6,red
6.7,0.31,0.42,6.4,0.057,25,148,0.9955,3.16,0.45,9.6,5,white
6.9,0.33,0.26,5,0.027,46,143,0.9924,3.25,0.43,11.2,7,white
7.9,0.2,0.35,1.7,0.054,7,15,0.99458,3.32,0.8,11.9,7,red
7.6,0.2,0.3,14.2,0.056,53,212.5,0.999,3.14,0.46,8.9,8,white
8.2,0.28,0.6,3,0.104,10,22,0.99828,3.39,0.68,10.6,5,red
6.7,0.37,0.25,2.5,0.028,24,84,0.9909,3.14,0.36,11.7,6,white
6.2,0.3,0.21,1.1,0.032,31,111,0.9889,2.97,0.42,12.2,6,white
10.9,0.39,0.47,1.8,0.118,6,14,0.9982,3.3,0.75,9.8,6,red
5.6,0.19,0.39,1.1,0.043,17,67,0.9918,3.23,0.53,10.3,6,white
6.4,0.27,0.49,7.3,0.046,53,206,0.9956,3.24,0.43,9.2,6,white
7.7,0.23,0.37,1.8,0.046,23,60,0.9971,3.41,0.71,12.1,6,red
7,0.15,0.28,14.7,0.051,29,149,0.99792,2.96,0.39,9,7,white
9.1,0.34,0.42,1.8,0.058,9,18,0.99392,3.18,0.55,11.4,5,red
6.4,0.37,0.37,4.85,0.041,39.5,216.5,0.99432,3.1,0.5,9.8,6,white
6.9,0.41,0.31,2,0.079,21,51,0.99668,3.47,0.55,9.5,6,red
9.5,0.46,0.24,2.7,0.092,14,44,0.998,3.12,0.74,10,6,red
11.1,0.44,0.42,2.2,0.064,14,19,0.99758,3.25,0.57,10.4,6,red
7.1,0.14,0.33,1,0.104,20,54,0.99057,3.19,0.64,11.5,6,white
6.1,0.48,0.09,1.7,0.078,18,30,0.99402,3.45,0.54,11.2,6,red
7,0.32,0.29,7.6,0.025,35,124,0.99162,3.15,0.65,12.8,7,white
6.6,0.24,0.3,11.3,0.026,11,77,0.99381,3.13,0.55,12.8,7,white
5.8,0.19,0.24,1.3,0.044,38,128,0.99362,3.77,0.6,10.6,5,white
9.3,0.39,0.44,2.1,0.107,34,125,0.9978,3.14,1.22,9.5,5,red
6.3,0.29,0.29,3.3,0.037,32,140,0.9895,3.17,0.36,12.8,7,white
6,0.33,0.32,12.9,0.054,6,113,0.99572,3.3,0.56,11.5,4,red
9.7,0.66,0.34,2.6,0.094,12,88,0.99796,3.26,0.66,10.1,5,red
6,0.2,0.32,3,0.031,26,118,0.99134,3.38,0.68,11.2,7,white
5.8,0.2,0.34,1,0.035,40,86,0.98993,3.5,0.42,11.7,5,white
6.6,0.29,0.29,1.8,0.036,38,102,0.98819,3.08,0.42,13.7,7,white
8,0.59,0.71,17.35,0.038,61,228,1,2.95,0.75,9.3,5,white
7,0.55,0.05,8,0.036,19,164,0.99269,3.26,0.46,12.2,6,white
7,0.31,0.26,7.4,0.069,28,160,0.9954,3.13,0.46,9.8,6,white
7.2,0.38,0.3,1.8,0.073,31,70,0.99685,3.42,0.59,9.5,6,red
6.5,0.34,0.36,11,0.052,53,247,0.9984,3.44,0.55,9.3,6,white
9.8,0.88,0.25,2.5,0.104,35,155,1.001,3.41,0.67,11.2,5,red
6.5,0.29,0.52,7.9,0.049,35,192,0.99551,3.16,0.51,9.5,6,white
7.5,0.63,0.27,2,0.083,17,91,0.99616,3.26,0.58,9.8,6,red
7.6,0.63,0.03,2,0.08,27,43,0.99578,3.44,0.64,10.9,6,red
6.4,0.22,0.34,1.4,0.023,56,115,0.98958,3.18,0.7,11.7,6,white
7,0.16,0.32,8.3,0.045,38,126,0.9958,3.21,0.34,9.2,5,white
6.2,0.24,0.25,12.5,0.055,47,134,0.99758,3.3,0.51,9,5,white
7.1,0.18,0.42,1.4,0.045,47,157,0.9916,2.95,0.31,10.5,6,white
9.1,0.52,0.33,1.3,0.07,9,30,0.9978,3.24,0.6,9.3,5,red
6,0.28,0.49,6.8,0.048,61,222,0.9953,3.19,0.47,9.3,5,white
10.3,0.32,0.45,6.4,0.073,5,13,0.9976,3.23,0.82,12.6,8,red
7.7,0.57,0.21,1.5,0.069,4,9,0.99458,3.16,0.54,9.8,6,red
7.2,0.23,0.82,1.3,0.149,70,109,0.99304,2.93,0.42,9.2,6,white
6.4,0.17,0.3,2.8,0.034,33,125,0.99152,3.03,0.49,10.4,6,white
6.9,0.23,0.38,8.3,0.047,47,162,0.9954,3.34,0.52,10.5,7,white
7.6,0.21,0.44,1.9,0.036,10,119,0.9913,3.01,0.7,12.8,6,white
8.8,0.66,0.26,1.7,0.074,4,23,0.9971,3.15,0.74,9.2,5,red
6.8,0.34,0.1,1.4,0.049,29,118,0.9936,3.21,0.41,9.5,5,white
7.2,0.21,1,1.1,0.154,46,114,0.9931,2.95,0.43,9.2,6,white
6,0.5,0,1.4,0.057,15,26,0.99448,3.36,0.45,9.5,5,red
5.9,0.28,0.39,1.4,0.031,47,147,0.98836,3.08,0.64,12.9,7,white
6.6,0.24,0.28,6.7,0.032,26,91,0.99172,3.13,0.32,12.3,6,white
6.6,0.32,0.26,7.7,0.054,56,209,0.9961,3.17,0.45,8.8,5,white
6.8,0.14,0.18,1.4,0.047,30,90,0.99164,3.27,0.54,11.2,6,white
7.4,0.38,0.34,8.3,0.052,44,168,0.99627,3.11,0.52,9.2,5,white
5.9,0.32,0.39,3.3,0.114,24,140,0.9934,3.09,0.45,9.2,6,white
7.3,0.26,0.31,1.6,0.04,39,173,0.9918,3.19,0.51,11.4,6,white
5.3,0.57,0.01,1.7,0.054,5,27,0.9934,3.57,0.84,12.5,7,red
6,0.28,0.22,12.15,0.048,42,163,0.9957,3.2,0.46,10.1,5,white
8.6,0.18,0.36,1.8,0.04,24,187,0.9956,3.25,0.55,9.5,6,white
6.2,0.355,0.35,2,0.046,31,95,0.98822,3.06,0.46,13.6,6,white
6.4,0.31,0.38,2.9,0.038,19,102,0.9912,3.17,0.35,11,7,white
6.4,0.31,0.5,5.8,0.038,42,111,0.99189,3.18,0.53,11.9,7,white
11.9,0.38,0.49,2.7,0.098,12,42,1.0004,3.16,0.61,10.3,5,red
7.9,0.345,0.51,15.3,0.047,54,171,0.9987,3.09,0.51,9.1,5,white
8,0.22,0.42,14.6,0.044,45,163,1.0003,3.21,0.69,8.6,7,white
7.2,0.33,0.28,1.4,0.034,26,109,0.99246,3.28,0.57,10.6,6,white
11.6,0.475,0.4,1.4,0.091,6,28,0.99704,3.07,0.65,10.03333333,6,red
6.7,0.26,0.26,4.1,0.073,36,202,0.9956,3.3,0.67,9.5,5,white
6,0.27,0.27,1.6,0.046,32,113,0.9924,3.41,0.51,10.5,7,white
7.4,0.25,0.37,13.5,0.06,52,192,0.9975,3,0.44,9.1,5,white
5.2,0.21,0.31,1.7,0.048,17,61,0.98953,3.24,0.37,12,7,white
7.2,0.24,0.3,1.2,0.037,11,95,0.98914,2.96,0.36,12.5,6,white
7.1,0.35,0.24,15.4,0.055,46,198,0.9988,3.12,0.49,8.8,5,white
5,0.27,0.32,4.5,0.032,58,178,0.98956,3.45,0.31,12.6,7,white
7.5,0.6,0.32,2.7,0.103,13,98,0.99938,3.45,0.62,9.5,5,red
8,0.45,0.23,2.2,0.094,16,29,0.9962,3.21,0.49,10.2,6,red
6.5,0.16,0.33,1,0.027,23,75,0.9908,3.3,0.39,11.4,7,white
7.5,0.52,0.42,2.3,0.087,8,38,0.9972,3.58,0.61,10.5,6,red
7.6,0.26,0.58,7.9,0.041,62,180,0.9966,3.07,0.38,9,5,white
8.8,0.23,0.35,10.7,0.04,26,183,0.9984,2.93,0.49,9.1,6,white
6.6,0.21,0.29,5.35,0.029,43,106,0.99112,2.93,0.43,11.5,7,white
6.3,0.2,0.24,1.7,0.052,36,135,0.99374,3.8,0.66,10.8,6,white
6.9,0.27,0.4,14,0.05,64,227,0.9979,3.18,0.58,9.6,6,white
5.1,0.31,0.3,0.9,0.037,28,152,0.992,3.54,0.56,10.1,6,white
5.3,0.43,0.11,1.1,0.029,6,51,0.99076,3.51,0.48,11.2,4,white
6.6,0.55,0.01,2.7,0.034,56,122,0.9906,3.15,0.3,11.9,5,white
6.6,0.33,0.41,2,0.027,14,79,0.99063,3.27,0.63,12.4,6,white
7,0.69,0,1.9,0.114,3,10,0.99636,3.35,0.6,9.7,6,red
6.8,0.28,0.36,7,0.043,60,207,0.99556,3.16,0.49,9.6,6,white
8.2,0.59,0,2.5,0.093,19,58,1.0002,3.5,0.65,9.3,6,red
7.8,0.29,0.36,7,0.042,38,161,0.9941,3.26,0.37,11.2,8,white
6.6,0.63,0,4.3,0.093,51,77.5,0.99558,3.2,0.45,9.5,5,red
7.2,0.26,0.26,12.7,0.036,49,214,0.9986,3.41,0.5,10,6,white
7,0.15,0.28,14.7,0.051,29,149,0.99792,2.96,0.39,9,7,white
6,0.27,0.19,1.7,0.02,24,110,0.9898,3.32,0.47,12.6,7,white
10.9,0.39,0.47,1.8,0.118,6,14,0.9982,3.3,0.75,9.8,6,red
7.1,0.33,0.64,13.2,0.056,12,105,0.9972,3.05,0.39,9.2,5,white
7,0.22,0.24,11,0.041,75,167,0.99508,2.98,0.56,10.5,6,white
8,0.24,0.33,1.2,0.044,28,101,0.99035,3.03,0.43,12.5,6,white
6.7,0.11,0.26,14.8,0.053,44,95,0.99676,3.2,0.35,9.8,6,white
6.8,0.19,0.4,9.85,0.055,41,103,0.99532,2.98,0.56,10.5,6,white
7.9,0.29,0.39,6.7,0.036,6,117,0.9938,3.12,0.42,10.7,5,white
8.4,0.28,0.4,8.9,0.048,33,146,0.9988,3.4,0.46,9.3,5,white
5.8,0.15,0.31,5.9,0.036,7,73,0.99152,3.2,0.43,11.9,6,white
7.1,0.42,0.2,2.8,0.038,28,109,0.98968,3.23,0.47,13.4,6,white
7.3,0.2,0.39,2.3,0.048,24,87,0.99044,2.94,0.35,12,6,white
7.1,0.59,0,2.2,0.078,26,44,0.99522,3.42,0.68,10.8,6,red
6.2,0.28,0.43,13,0.039,64,233,0.99745,3.08,0.38,8.9,5,white
7.3,0.51,0.26,3.3,0.09,7,135,0.9944,3.01,0.52,8.8,5,white
6,0.5,0.04,2.2,0.092,13,26,0.99647,3.46,0.47,10,5,red
6.4,0.42,0.09,2.3,0.054,34,64,0.99724,3.41,0.68,10.4,6,red
6.9,0.48,0.36,3.5,0.03,31,135,0.9904,3.14,0.38,12.2,7,white
7.3,0.18,0.65,1.4,0.046,28,157,0.9946,3.33,0.62,9.4,6,white
9.1,0.25,0.34,2,0.071,45,67,0.99769,3.44,0.86,10.2,7,red
6.6,0.24,0.35,7.7,0.031,36,135,0.9938,3.19,0.37,10.5,5,white
7.5,0.26,0.38,5.7,0.021,23,125,0.99338,3.13,0.62,11.1,6,white
6.8,0.3,0.23,4.6,0.061,50.5,238.5,0.9958,3.32,0.6,9.5,5,white
6.7,0.24,0.46,2.2,0.033,19,111,0.99045,3.1,0.62,11.9,6,white
7.5,0.17,0.34,1.4,0.035,13,102,0.9918,3.05,0.74,11,5,white
6.2,0.39,0.24,4.8,0.037,45,138,0.99174,3.23,0.43,11.2,7,white
7.9,0.18,0.36,5.9,0.058,31,132,0.995,3.25,0.52,10.9,6,white
6.8,0.21,0.55,14.6,0.053,34,159,0.99805,2.93,0.44,9.2,5,white
7.7,0.58,0.01,1.8,0.088,12,18,0.99568,3.32,0.56,10.5,7,red
